Date,10year,5year,1year
02/01/2014,8.46,8.02,7.42
03/01/2014,8.55,8.38,7.56
06/01/2014,9.1,8.45,7.52
07/01/2014,9.12,8.55,7.56
08/01/2014,9.04,8.45,7.57
09/01/2014,9.02,8.35,7.52
10/01/2014,8.84,8.27,7.51
13/01/2014,8.64,8.11,7.41
14/01/2014,8.64,8.11,7.31
15/01/2014,8.57,8.04,7.38
16/01/2014,8.48,7.96,7.41
17/01/2014,8.45,7.88,7.37
20/01/2014,8.46,7.91,7.24
21/01/2014,8.47,7.86,7.33
22/01/2014,8.56,7.89,7.27
23/01/2014,8.63,7.97,7.25
24/01/2014,8.79,8.03,7.2
27/01/2014,9.11,8.16,7.39
28/01/2014,9.05,8.15,7.53
29/01/2014,8.8,8.04,7.38
30/01/2014,8.89,8.06,7.24
03/02/2014,9.03,8.08,7.29
04/02/2014,9.08,8.12,7.33
05/02/2014,9.06,8.09,7.53
06/02/2014,9.08,8.08,7.61
07/02/2014,9.03,8.1,7.79
10/02/2014,9.06,8.06,7.63
11/02/2014,9.03,8.01,7.5
12/02/2014,8.86,7.97,7.5
13/02/2014,8.8,7.99,7.51
14/02/2014,8.71,7.96,7.32
17/02/2014,8.53,7.9,7.3
18/02/2014,8.52,7.89,7.12
19/02/2014,8.39,7.85,7.09
20/02/2014,8.36,7.87,7.09
21/02/2014,8.34,7.95,7.02
24/02/2014,8.42,7.97,7.06
25/02/2014,8.49,8.07,7.29
26/02/2014,8.47,8.06,7.35
27/02/2014,8.44,7.95,7.2
28/02/2014,8.39,7.91,7.23
03/03/2014,8.24,7.82,7.23
04/03/2014,8.2,7.83,7.2
05/03/2014,7.99,7.75,7.13
06/03/2014,8.07,7.81,7.23
07/03/2014,8.04,7.8,7.24
09/03/2014,8.04,7.8,7.39
10/03/2014,8.05,7.76,7.27
11/03/2014,8.03,7.76,7.04
12/03/2014,8.06,7.78,7.22
13/03/2014,8.04,7.78,7.1
14/03/2014,8.04,7.76,7.08
17/03/2014,8.01,7.73,7.06
18/03/2014,7.92,7.69,7.24
19/03/2014,7.88,7.69,7.1
20/03/2014,8.04,7.75,7
21/03/2014,8.07,7.73,7.09
24/03/2014,8.09,7.73,7.06
25/03/2014,8.17,7.76,7.08
26/03/2014,8.25,7.76,7.02
27/03/2014,8.08,7.7,7.21
28/03/2014,7.97,7.7,7.08
01/04/2014,7.86,7.67,6.92
02/04/2014,7.85,7.64,6.86
03/04/2014,7.87,7.67,6.85
04/04/2014,7.88,7.66,6.83
07/04/2014,7.86,7.64,6.8
08/04/2014,7.85,7.64,6.81
09/04/2014,7.85,7.64,7.43
10/04/2014,7.86,7.61,6.93
11/04/2014,7.86,7.6,6.96
14/04/2014,7.85,7.6,6.76
15/04/2014,7.87,7.57,6.77
16/04/2014,7.89,7.58,6.75
17/04/2014,7.91,7.56,6.75
21/04/2014,7.94,7.59,6.78
22/04/2014,8.04,7.62,6.77
23/04/2014,8.09,7.63,6.81
24/04/2014,8.05,7.64,6.88
25/04/2014,7.97,7.6,6.68
28/04/2014,7.9,7.59,6.84
29/04/2014,7.9,7.6,6.77
30/04/2014,7.93,7.63,6.74
02/05/2014,7.95,7.63,6.68
05/05/2014,7.96,7.63,6.79
06/05/2014,7.96,7.64,6.76
07/05/2014,8.01,7.65,6.96
08/05/2014,8.09,7.67,6.82
09/05/2014,8.05,7.64,6.77
12/05/2014,8.02,7.63,6.89
13/05/2014,8.05,7.64,7.14
14/05/2014,8.02,7.63,7
16/05/2014,7.92,7.57,6.78
19/05/2014,7.86,7.54,6.75
20/05/2014,7.91,7.56,6.74
21/05/2014,8,7.61,6.6
22/05/2014,8.06,7.63,6.86
23/05/2014,8.02,7.62,6.74
25/05/2014,8.02,7.62,7.59
26/05/2014,8.04,7.63,6.74
28/05/2014,8.05,7.71,6.82
30/05/2014,8.06,7.65,7.05
02/06/2014,8.06,7.67,6.75
03/06/2014,8.03,7.67,6.8
04/06/2014,8.03,7.7,6.8
05/06/2014,8.03,7.69,6.75
06/06/2014,8.02,7.68,6.79
09/06/2014,7.98,7.64,6.84
10/06/2014,8.01,7.66,7.1
11/06/2014,8.04,7.71,6.73
12/06/2014,8.04,7.7,6.66
13/06/2014,8.02,7.7,6.8
16/06/2014,8.03,7.68,6.81
17/06/2014,8.05,7.69,6.67
18/06/2014,8.09,7.72,6.64
19/06/2014,8.11,7.73,6.74
20/06/2014,8.11,7.66,6.77
23/06/2014,8.14,7.72,6.64
24/06/2014,8.1,7.72,6.84
25/06/2014,8.2,7.79,6.81
26/06/2014,8.26,7.81,6.85
27/06/2014,8.29,7.86,6.84
30/06/2014,8.24,7.83,6.89
01/07/2014,8.18,7.8,7.02
02/07/2014,8.11,7.76,6.97
03/07/2014,8.1,7.77,7.01
04/07/2014,8.14,7.79,7
07/07/2014,8.13,7.78,7.01
08/07/2014,8.06,7.77,7.01
09/07/2014,8.06,7.77,7.67
10/07/2014,8.02,7.73,6.81
11/07/2014,8.06,7.82,6.84
12/07/2014,8.06,7.82,6.84
14/07/2014,8.17,7.86,6.93
15/07/2014,8.17,7.86,7.07
16/07/2014,8.13,7.82,7.14
17/07/2014,8.07,7.8,7.13
18/07/2014,8.06,7.83,6.95
20/07/2014,8.06,7.83,6.95
21/07/2014,8,7.81,6.8
22/07/2014,8.01,7.84,6.98
23/07/2014,8.05,7.88,7.11
24/07/2014,8.04,7.81,6.87
25/07/2014,8.03,7.87,6.87
27/07/2014,8.03,7.87,6.87
31/07/2014,8.03,7.85,7.49
01/08/2014,8.03,7.85,6.77
02/08/2014,8.03,7.85,7.49
04/08/2014,8.08,7.81,7.08
05/08/2014,8.17,7.94,7.29
06/08/2014,8.22,7.98,7.12
07/08/2014,8.23,8,7.23
08/08/2014,8.28,8.02,7.32
10/08/2014,8.28,8.02,7.68
11/08/2014,8.29,8.01,7.27
12/08/2014,8.25,8.01,7.25
13/08/2014,8.24,8.02,7.23
14/08/2014,8.21,7.99,7.14
15/08/2014,8.21,8.01,7.16
18/08/2014,8.22,8,7.16
19/08/2014,8.29,8.03,7.21
20/08/2014,8.31,8.02,7.2
21/08/2014,8.36,8.02,7.19
22/08/2014,8.27,8.01,7.19
25/08/2014,8.23,8,7.21
26/08/2014,8.26,8.02,7.16
27/08/2014,8.29,8.02,7.11
28/08/2014,8.28,8.01,7.16
29/08/2014,8.22,7.99,7.13
31/08/2014,8.22,7.99,7.57
01/09/2014,8.17,7.97,7.12
02/09/2014,8.19,8,7.13
03/09/2014,8.1,7.95,7.13
04/09/2014,8.04,7.89,6.96
05/09/2014,7.98,7.85,6.97
08/09/2014,7.96,7.82,7.05
09/09/2014,8.04,7.85,6.79
10/09/2014,8.12,7.9,6.91
11/09/2014,8.16,7.9,6.91
12/09/2014,8.17,7.92,7
13/09/2014,8.17,7.92,7
15/09/2014,8.26,7.97,7.03
16/09/2014,8.3,8.05,7.09
17/09/2014,8.28,8.05,7.13
18/09/2014,8.28,8.06,7.11
19/09/2014,8.19,8.04,7.13
22/09/2014,8.18,8.02,6.65
23/09/2014,8.19,8.06,7.27
24/09/2014,8.17,8.06,7.07
25/09/2014,8.16,8.04,7.03
26/09/2014,8.22,8.07,7.11
27/09/2014,8.26,8.08,7.11
29/09/2014,8.44,8.26,7.35
30/09/2014,8.4,8.2,7.43
01/10/2014,8.51,8.29,7.65
02/10/2014,8.41,8.24,7.67
03/10/2014,8.46,8.26,7.57
06/10/2014,8.45,8.25,7.87
07/10/2014,8.47,8.27,7.7
08/10/2014,8.47,8.26,7.67
09/10/2014,8.46,8.24,7.6
10/10/2014,8.37,8.17,7.56
13/10/2014,8.38,8.16,7.52
14/10/2014,8.33,8.16,7.54
15/10/2014,8.24,8.09,7.52
16/10/2014,8.29,8.13,7.52
17/10/2014,8.33,8.14,7.52
20/10/2014,8.07,8.01,7.54
21/10/2014,8.02,7.95,7.28
22/10/2014,8.03,7.93,7.52
23/10/2014,8.03,7.93,7.55
24/10/2014,8.01,7.89,7.43
27/10/2014,8.02,7.88,7.38
28/10/2014,8.06,7.87,7.36
29/10/2014,8.11,7.89,7.43
30/10/2014,8.11,7.91,7.44
31/10/2014,8.05,7.86,7.33
03/11/2014,8,7.84,7.35
04/11/2014,7.95,7.8,7.34
05/11/2014,7.93,7.79,7.31
06/11/2014,7.98,7.84,7.35
07/11/2014,8,7.86,7.31
10/11/2014,8.01,7.87,7.23
11/11/2014,7.99,7.85,7.26
12/11/2014,7.99,7.87,7.34
13/11/2014,7.98,7.87,7.31
14/11/2014,7.94,7.85,7.34
16/11/2014,7.94,7.85,7.34
17/11/2014,7.91,7.82,7.26
18/11/2014,7.9,7.81,7.31
19/11/2014,7.9,7.78,7.33
20/11/2014,7.85,7.73,7.26
21/11/2014,7.81,7.67,7.22
24/11/2014,7.76,7.62,7.1
25/11/2014,7.73,7.65,7.16
26/11/2014,7.72,7.65,7.22
27/11/2014,7.7,7.62,7.2
28/11/2014,7.7,7.63,7.21
30/11/2014,7.7,7.63,7.21
01/12/2014,7.68,7.62,7.22
02/12/2014,7.7,7.62,7.22
03/12/2014,7.8,7.65,7.22
04/12/2014,7.89,7.67,7.2
05/12/2014,7.85,7.67,7.21
08/12/2014,7.86,7.67,7.23
09/12/2014,7.96,7.74,7.26
10/12/2014,7.98,7.77,7.31
11/12/2014,8.02,7.83,7.3
12/12/2014,8.09,7.87,7.35
14/12/2014,8.09,7.87,7.35
15/12/2014,8.31,8.09,7.46
16/12/2014,8.43,8.19,7.69
17/12/2014,8.37,8.19,7.68
18/12/2014,8.15,8.09,7.67
19/12/2014,8.1,7.98,7.36
22/12/2014,8.03,7.94,7.52
23/12/2014,7.91,7.87,7.43
24/12/2014,7.87,7.81,7.43
28/12/2014,7.87,7.81,7.43
29/12/2014,7.88,7.8,7.4
30/12/2014,7.85,7.79,7.39
31/12/2014,7.79,7.7,7.39
02/01/2015,7.81,7.64,7.58
05/01/2015,7.92,7.73,7.31
06/01/2015,7.98,7.75,7.35
07/01/2015,7.93,7.65,7.35
08/01/2015,7.82,7.58,7.28
09/01/2015,7.74,7.54,7.17
12/01/2015,7.7,7.45,7.16
13/01/2015,7.72,7.44,7.16
14/01/2015,7.67,7.4,7.18
15/01/2015,7.63,7.36,7.16
16/01/2015,7.6,7.33,7.13
19/01/2015,7.62,7.33,7.07
20/01/2015,7.63,7.29,6.96
21/01/2015,7.28,7.1,6.85
22/01/2015,7.18,7.05,6.79
23/01/2015,7.12,6.93,6.74
26/01/2015,7.13,6.93,6.59
27/01/2015,7.14,6.95,6.64
28/01/2015,7.09,6.87,6.58
29/01/2015,7.09,6.91,6.45
30/01/2015,7.04,6.88,6.46
01/02/2015,7.04,6.88,6.46
02/02/2015,6.98,6.84,6.41
03/02/2015,6.93,6.82,6.52
04/02/2015,6.93,6.83,6.51
05/02/2015,7.03,6.9,6.53
06/02/2015,7.04,6.89,6.53
09/02/2015,7.05,6.89,6.55
10/02/2015,7.09,6.96,6.55
11/02/2015,7.22,7.05,6.57
12/02/2015,7.39,7.07,6.57
13/02/2015,7.42,7.18,6.69
16/02/2015,7.39,7.15,6.72
17/02/2015,7.17,7.06,6.65
18/02/2015,7.01,6.85,6.48
19/02/2015,7.01,6.85,6.48
20/02/2015,7.09,6.91,6.55
23/02/2015,7.06,6.85,6.54
24/02/2015,7.04,6.81,6.5
25/02/2015,7.01,6.77,6.49
26/02/2015,6.94,6.73,6.5
27/02/2015,6.9,6.76,6.6
02/03/2015,6.92,6.72,6.53
03/03/2015,6.96,6.77,6.48
04/03/2015,7.15,6.85,6.53
05/03/2015,7.31,6.91,6.33
06/03/2015,7.33,6.9,6.49
09/03/2015,7.4,7.03,6.54
10/03/2015,7.5,7.21,6.66
11/03/2015,7.64,7.4,6.71
12/03/2015,7.61,7.31,6.75
13/03/2015,7.42,7.27,6.75
16/03/2015,7.39,7.24,6.82
17/03/2015,7.45,7.27,6.78
18/03/2015,7.42,7.21,6.77
19/03/2015,7.36,7.17,6.61
20/03/2015,7.35,7.14,6.62
23/03/2015,7.41,7.16,6.58
24/03/2015,7.26,7.07,6.56
25/03/2015,7.24,7.05,6.6
26/03/2015,7.29,7.08,6.58
27/03/2015,7.3,7.08,6.55
30/03/2015,7.39,7.14,6.63
31/03/2015,7.41,7.19,6.62
01/04/2015,7.44,7.19,6.74
02/04/2015,7.39,7.21,6.69
06/04/2015,7.39,7.19,6.68
07/04/2015,7.31,7.21,6.69
08/04/2015,7.32,7.22,6.67
09/04/2015,7.26,7.19,6.63
10/04/2015,7.23,7.18,6.63
13/04/2015,7.24,7.18,6.62
14/04/2015,7.27,7.22,6.65
15/04/2015,7.36,7.3,6.58
16/04/2015,7.42,7.32,6.57
17/04/2015,7.54,7.46,6.57
20/04/2015,7.52,7.44,6.78
21/04/2015,7.53,7.47,6.79
22/04/2015,7.48,7.46,6.78
23/04/2015,7.54,7.52,7.07
24/04/2015,7.52,7.48,6.84
27/04/2015,7.6,7.53,7.01
28/04/2015,7.74,7.67,7.05
29/04/2015,7.76,7.69,6.97
30/04/2015,7.69,7.62,7
04/05/2015,7.73,7.67,7.19
05/05/2015,7.83,7.72,7.19
06/05/2015,7.96,7.77,7.34
07/05/2015,8.04,7.87,7.31
08/05/2015,8.2,7.91,7.49
11/05/2015,8.12,7.9,7.5
12/05/2015,8.25,7.93,7.58
13/05/2015,8.09,7.83,7.34
15/05/2015,8.09,7.71,7.34
18/05/2015,7.97,7.68,7.33
19/05/2015,7.99,7.75,7.26
20/05/2015,8.04,7.87,7.25
21/05/2015,8.09,7.83,7.23
22/05/2015,8.09,7.86,7.22
25/05/2015,8.09,7.86,7.22
26/05/2015,8.17,7.95,7.33
27/05/2015,8.16,7.94,7.33
28/05/2015,8.13,7.95,7.21
29/05/2015,8.17,8,7.37
30/05/2015,8.17,8,7.37
01/06/2015,8.18,8.03,7.28
03/06/2015,8.2,8.02,7.28
04/06/2015,8.41,8.18,7.42
05/06/2015,8.45,8.14,7.34
07/06/2015,8.49,8.18,7.39
08/06/2015,8.52,8.28,7.62
09/06/2015,8.54,8.33,7.61
10/06/2015,8.64,8.48,7.4
11/06/2015,8.72,8.52,7.49
12/06/2015,8.67,8.48,7.48
15/06/2015,8.68,8.53,7.37
16/06/2015,8.66,8.56,7.37
17/06/2015,8.62,8.52,7.39
18/06/2015,8.51,8.37,7.3
19/06/2015,8.47,8.31,7.35
22/06/2015,8.43,8.22,7.31
23/06/2015,8.35,8.22,7.24
24/06/2015,8.19,8.02,7.23
25/06/2015,8.24,8.14,7.2
26/06/2015,8.31,8.15,7.19
29/06/2015,8.36,8.21,7.38
30/06/2015,8.38,8.16,7.37
01/07/2015,8.28,8.07,7.26
02/07/2015,8.29,8.04,7.1
03/07/2015,8.27,7.97,7.03
06/07/2015,8.26,7.96,7.02
07/07/2015,8.27,7.95,6.97
08/07/2015,8.39,8.07,6.96
09/07/2015,8.43,8.03,6.96
10/07/2015,8.39,8.14,6.97
13/07/2015,8.29,8.07,6.99
14/07/2015,8.29,8.08,6.86
15/07/2015,8.3,8.06,6.84
18/07/2015,8.3,8.06,6.84
21/07/2015,8.33,8.11,7.05
22/07/2015,8.3,8.05,6.83
23/07/2015,8.27,7.99,6.91
24/07/2015,8.28,7.94,7.15
27/07/2015,8.3,7.94,7.18
28/07/2015,8.36,7.93,7.21
29/07/2015,8.65,8.18,7.44
30/07/2015,8.64,8.18,7.34
31/07/2015,8.6,8.12,7.4
03/08/2015,8.62,8.17,7.66
04/08/2015,8.63,8.21,7.96
05/08/2015,8.51,8.11,7.8
06/08/2015,8.49,8.11,7.82
07/08/2015,8.46,8.17,7.8
10/08/2015,8.46,8.19,7.8
11/08/2015,8.49,8.19,7.8
12/08/2015,8.62,8.19,7.8
13/08/2015,8.71,8.22,7.76
14/08/2015,8.69,8.3,7.86
17/08/2015,8.69,8.3,7.86
18/08/2015,8.71,8.35,7.65
19/08/2015,8.6,8.36,7.63
20/08/2015,8.66,8.46,7.63
21/08/2015,8.88,8.54,7.74
24/08/2015,9.01,8.65,7.55
25/08/2015,8.98,8.74,7.83
26/08/2015,8.93,8.73,8.13
27/08/2015,8.82,8.53,7.79
28/08/2015,8.75,8.51,7.81
31/08/2015,8.79,8.59,7.66
01/09/2015,8.78,8.61,7.72
02/09/2015,8.81,8.52,7.59
03/09/2015,8.88,8.57,7.57
04/09/2015,8.93,8.66,7.78
07/09/2015,9.05,8.7,7.74
08/09/2015,9.19,8.76,7.88
09/09/2015,9.13,8.76,7.88
10/09/2015,9.14,8.77,8.08
11/09/2015,9.25,8.9,8.21
14/09/2015,9.3,8.94,8.1
15/09/2015,9.41,9.03,8.21
16/09/2015,9.5,9.16,8.24
17/09/2015,9.35,9.1,8.02
18/09/2015,9.11,8.89,8.18
21/09/2015,9.06,8.94,7.94
22/09/2015,9.11,9.02,8.06
23/09/2015,9.22,9.15,8.06
25/09/2015,9.51,9.32,8.03
27/09/2015,9.51,9.37,8.03
28/09/2015,9.59,9.42,8.21
29/09/2015,9.77,9.66,8.5
30/09/2015,9.62,9.59,8.82
01/10/2015,9.42,9.36,8.89
02/10/2015,9.37,9.26,8.82
03/10/2015,9.37,9.26,8.82
05/10/2015,9.24,9.2,8.69
06/10/2015,8.86,8.68,8.21
07/10/2015,8.71,8.64,8.22
08/10/2015,8.69,8.48,8.22
09/10/2015,8.7,8.47,8.05
12/10/2015,8.55,8.39,8.1
13/10/2015,8.61,8.39,7.98
14/10/2015,8.61,8.39,7.98
15/10/2015,8.71,8.44,8.11
16/10/2015,8.68,8.56,8.18
18/10/2015,8.68,8.56,8.18
19/10/2015,8.68,8.51,8.52
20/10/2015,8.7,8.6,8.11
21/10/2015,8.75,8.65,8.15
22/10/2015,8.78,8.65,8.22
23/10/2015,8.71,8.64,8.41
26/10/2015,8.66,8.6,8.22
27/10/2015,8.67,8.59,8.2
28/10/2015,8.65,8.58,8.2
29/10/2015,8.71,8.66,8.32
30/10/2015,8.8,8.74,8.46
02/11/2015,8.87,8.78,8.41
03/11/2015,8.86,8.77,8.39
04/11/2015,8.75,8.7,8.32
05/11/2015,8.69,8.64,8.2
06/11/2015,8.64,8.58,8.14
09/11/2015,8.69,8.65,8.19
10/11/2015,8.7,8.67,8.3
11/11/2015,8.63,8.6,8.15
12/11/2015,8.64,8.59,8.16
13/11/2015,8.67,8.56,8.01
16/11/2015,8.67,8.6,8.16
17/11/2015,8.68,8.62,8.13
18/11/2015,8.62,8.58,8.14
19/11/2015,8.63,8.55,8.19
20/11/2015,8.66,8.57,8.43
22/11/2015,8.66,8.57,8.43
23/11/2015,8.66,8.59,8.13
24/11/2015,8.67,8.6,8.23
25/11/2015,8.63,8.54,8.27
26/11/2015,8.58,8.45,8.14
27/11/2015,8.59,8.45,7.94
30/11/2015,8.61,8.49,7.92
01/12/2015,8.55,8.47,8.02
02/12/2015,8.46,8.37,7.96
03/12/2015,8.49,8.45,8.03
04/12/2015,8.5,8.46,8.03
07/12/2015,8.64,8.53,8.22
08/12/2015,8.58,8.56,8.01
09/12/2015,8.58,8.56,8.01
10/12/2015,8.58,8.6,8
11/12/2015,8.63,8.67,8.04
14/12/2015,8.94,8.85,8.08
15/12/2015,9.15,8.97,8.37
16/12/2015,8.96,8.95,8.46
17/12/2015,8.85,8.86,8.82
18/12/2015,8.8,8.75,8.72
19/12/2015,8.74,8.7,8.57
21/12/2015,8.78,8.78,8.61
22/12/2015,8.76,8.77,8.64
23/12/2015,8.77,8.78,8.42
28/12/2015,8.83,8.81,8.54
29/12/2015,8.87,8.88,8.54
30/12/2015,8.89,8.89,8.1
31/12/2015,8.87,8.9,8.11
04/01/2016,8.86,8.88,8.11
05/01/2016,8.83,8.88,8.38
06/01/2016,8.81,8.84,8.47
07/01/2016,8.79,8.87,8.24
08/01/2016,8.78,8.84,8.13
10/01/2016,8.78,8.84,8.13
11/01/2016,8.8,8.85,8.02
12/01/2016,8.69,8.72,8.1
13/01/2016,8.59,8.6,8.09
14/01/2016,8.57,8.53,8.07
15/01/2016,8.54,8.5,7.97
18/01/2016,8.61,8.54,7.95
19/01/2016,8.69,8.64,8.36
20/01/2016,8.58,8.6,8.04
21/01/2016,8.55,8.53,7.63
22/01/2016,8.49,8.46,7.64
25/01/2016,8.38,8.34,7.71
26/01/2016,8.42,8.39,7.67
27/01/2016,8.45,8.35,7.72
28/01/2016,8.41,8.32,7.78
29/01/2016,8.28,8.17,7.78
01/02/2016,8.17,8.05,7.88
02/02/2016,8.12,8.08,7.63
03/02/2016,8.17,8.12,7.5
04/02/2016,8.13,8.1,7.49
05/02/2016,8.04,7.97,7.49
09/02/2016,8,7.98,7.47
10/02/2016,8.01,7.96,6.87
11/02/2016,7.95,7.84,7.25
12/02/2016,7.95,7.85,7.25
14/02/2016,7.95,7.85,7.25
15/02/2016,7.96,7.84,7.31
16/02/2016,7.95,7.8,7.16
17/02/2016,8.04,7.84,7.36
18/02/2016,8.03,7.83,7.36
19/02/2016,8.08,7.85,7.36
22/02/2016,8.12,7.86,7.39
23/02/2016,8.15,7.84,7.46
24/02/2016,8.26,7.9,7.92
25/02/2016,8.26,7.94,7.37
26/02/2016,8.23,7.93,7.28
29/02/2016,8.24,7.96,7.23
01/03/2016,8.25,7.97,7.24
02/03/2016,8.18,7.88,7.19
03/03/2016,8.09,7.77,7.11
04/03/2016,7.99,7.74,6.82
07/03/2016,7.84,7.57,7.07
08/03/2016,7.87,7.58,6.96
09/03/2016,7.87,7.58,6.96
10/03/2016,7.88,7.55,6.87
11/03/2016,7.81,7.47,6.91
14/03/2016,7.73,7.34,6.93
15/03/2016,7.75,7.35,7.02
16/03/2016,7.77,7.38,7.07
17/03/2016,7.75,7.37,7.03
18/03/2016,7.64,7.31,7.05
21/03/2016,7.7,7.37,7.11
22/03/2016,7.77,7.41,7.13
23/03/2016,7.78,7.43,7.05
24/03/2016,7.78,7.46,7
28/03/2016,7.81,7.49,6.92
29/03/2016,7.83,7.52,6.96
30/03/2016,7.78,7.46,6.82
31/03/2016,7.71,7.44,6.97
01/04/2016,7.58,7.33,6.89
04/04/2016,7.6,7.33,6.98
05/04/2016,7.63,7.38,6.76
06/04/2016,7.6,7.37,6.81
07/04/2016,7.6,7.36,6.8
08/04/2016,7.58,7.36,6.86
11/04/2016,7.54,7.34,6.78
12/04/2016,7.53,7.33,6.77
13/04/2016,7.43,7.29,6.88
14/04/2016,7.44,7.32,6.92
15/04/2016,7.42,7.27,6.78
18/04/2016,7.43,7.31,6.92
19/04/2016,7.43,7.26,6.91
20/04/2016,7.41,7.24,6.82
21/04/2016,7.42,7.23,6.9
22/04/2016,7.55,7.3,6.69
25/04/2016,7.65,7.38,6.75
26/04/2016,7.65,7.38,6.85
27/04/2016,7.62,7.37,6.77
28/04/2016,7.63,7.37,6.75
29/04/2016,7.72,7.43,6.84
02/05/2016,7.7,7.46,6.72
03/05/2016,7.69,7.44,6.78
04/05/2016,7.7,7.43,6.79
09/05/2016,7.76,7.43,6.58
10/05/2016,7.78,7.49,6.72
11/05/2016,7.77,7.51,6.7
12/05/2016,7.79,7.54,6.7
13/05/2016,7.73,7.5,6.76
16/05/2016,7.69,7.45,6.72
17/05/2016,7.68,7.44,6.79
18/05/2016,7.62,7.43,6.74
19/05/2016,7.81,7.54,6.8
20/05/2016,7.88,7.59,6.82
23/05/2016,7.91,7.61,6.75
24/05/2016,7.91,7.59,6.7
25/05/2016,7.89,7.54,6.69
26/05/2016,7.86,7.55,6.75
27/05/2016,7.83,7.54,6.91
30/05/2016,7.81,7.55,6.78
31/05/2016,7.87,7.56,6.73
01/06/2016,7.84,7.54,6.72
02/06/2016,7.88,7.55,6.7
03/06/2016,7.87,7.53,6.72
06/06/2016,7.79,7.49,6.8
07/06/2016,7.73,7.49,7.11
08/06/2016,7.6,7.44,6.73
09/06/2016,7.57,7.41,7
10/06/2016,7.62,7.46,6.49
13/06/2016,7.63,7.46,6.77
14/06/2016,7.62,7.46,6.52
15/06/2016,7.64,7.48,6.51
16/06/2016,7.61,7.46,6.49
17/06/2016,7.62,7.46,6.69
20/06/2016,7.61,7.47,6.79
21/06/2016,7.62,7.5,6.53
22/06/2016,7.62,7.5,6.52
23/06/2016,7.61,7.48,6.5
24/06/2016,7.73,7.55,7.02
27/06/2016,7.73,7.58,6.94
28/06/2016,7.62,7.48,6.86
29/06/2016,7.51,7.39,6.93
30/06/2016,7.46,7.3,6.92
01/07/2016,7.41,7.28,6.89
04/07/2016,7.28,7.19,6.82
11/07/2016,7.13,6.96,6.66
12/07/2016,7.08,6.96,6.72
13/07/2016,7.12,6.97,6.72
14/07/2016,7.15,7.02,6.97
15/07/2016,7.14,7.01,6.78
18/07/2016,7.12,6.97,6.75
19/07/2016,7.08,6.94,6.66
20/07/2016,7.01,6.86,6.62
21/07/2016,7.01,6.84,6.6
22/07/2016,7.04,6.88,6.66
25/07/2016,7.14,6.92,6.61
26/07/2016,7.12,6.93,6.6
27/07/2016,7.06,6.88,6.65
28/07/2016,6.97,6.82,6.38
29/07/2016,6.94,6.78,6.44
01/08/2016,6.91,6.73,6.47
02/08/2016,6.86,6.68,6.39
03/08/2016,6.86,6.68,6.42
04/08/2016,6.9,6.71,6.62
05/08/2016,6.88,6.69,6.55
06/08/2016,6.88,6.69,6.55
08/08/2016,6.85,6.69,6.56
09/08/2016,6.86,6.7,6.57
10/08/2016,6.8,6.65,6.46
11/08/2016,6.78,6.64,6.35
12/08/2016,6.78,6.64,6.36
13/08/2016,6.78,6.64,6.36
14/08/2016,6.78,6.64,6.73
15/08/2016,6.81,6.65,6.38
16/08/2016,6.82,6.65,6.42
18/08/2016,6.82,6.61,6.44
19/08/2016,6.83,6.62,6.4
22/08/2016,6.93,6.7,6.42
23/08/2016,7.06,6.79,6.62
24/08/2016,7.11,6.82,6.45
25/08/2016,7.07,6.78,6.41
26/08/2016,7.06,6.78,6.4
29/08/2016,7.12,6.81,6.45
30/08/2016,7.14,6.82,6.42
31/08/2016,7.14,6.8,6.5
01/09/2016,7.07,6.77,6.34
02/09/2016,6.99,6.7,6.35
05/09/2016,6.91,6.68,6.33
06/09/2016,6.87,6.66,6.39
07/09/2016,6.88,6.65,6.35
08/09/2016,6.89,6.65,6.21
09/09/2016,6.92,6.67,6.26
13/09/2016,6.98,6.72,6.34
14/09/2016,7.06,6.81,6.38
15/09/2016,7.08,6.83,6.36
16/09/2016,7.03,6.82,6.36
17/09/2016,7.03,6.82,6.36
19/09/2016,6.98,6.8,6.35
20/09/2016,6.98,6.8,6.34
21/09/2016,6.97,6.8,6.27
22/09/2016,6.9,6.71,6.18
23/09/2016,6.87,6.71,6.18
24/09/2016,6.87,6.71,6.18
25/09/2016,6.87,6.71,6.67
26/09/2016,6.91,6.72,6.16
27/09/2016,6.91,6.73,6.19
28/09/2016,6.93,6.77,6.22
29/09/2016,6.99,6.82,6.25
30/09/2016,7.07,6.84,6.26
03/10/2016,7.04,6.83,6.2
04/10/2016,7.01,6.82,6.18
05/10/2016,7.01,6.84,6.24
06/10/2016,7.04,6.86,6.08
07/10/2016,7.09,6.92,6.15
10/10/2016,7.12,6.96,6.34
11/10/2016,7.13,6.99,6.25
12/10/2016,7.12,6.99,6.13
13/10/2016,7.08,6.96,6.19
14/10/2016,7.05,6.96,6.16
15/10/2016,7.05,6.96,6.15
17/10/2016,7.05,6.98,6.24
18/10/2016,7.08,7.02,6.21
19/10/2016,7.12,7.03,6.32
20/10/2016,7.14,7.04,6.23
21/10/2016,7.08,6.94,6.39
24/10/2016,7.04,6.87,6.15
25/10/2016,7.05,6.85,6.27
26/10/2016,7.07,6.85,6.3
27/10/2016,7.11,6.87,6.29
28/10/2016,7.2,6.93,6.43
31/10/2016,7.26,6.98,6.33
01/11/2016,7.24,6.95,6.32
02/11/2016,7.23,6.93,6.37
03/11/2016,7.27,6.94,6.47
04/11/2016,7.31,7.01,6.26
07/11/2016,7.33,7.02,6.35
08/11/2016,7.29,7,6.35
09/11/2016,7.37,7.02,6.35
10/11/2016,7.42,7.04,6.42
11/11/2016,7.47,7.21,6.92
14/11/2016,7.9,7.65,6.48
15/11/2016,7.92,7.75,6.61
16/11/2016,7.87,7.66,6.73
17/11/2016,7.78,7.6,6.68
18/11/2016,7.79,7.68,7.2
21/11/2016,7.85,7.79,7.28
22/11/2016,7.91,7.92,7.38
23/11/2016,8.01,7.99,7.26
24/11/2016,8.16,8.17,7.05
25/11/2016,8.3,8.34,7.64
28/11/2016,8.3,8.25,7.57
29/11/2016,8.23,8.14,7.62
30/11/2016,8.18,8.05,7.39
01/12/2016,8.09,7.98,7.04
02/12/2016,8.07,7.92,7.09
05/12/2016,8.07,7.91,7.19
06/12/2016,8,7.8,6.98
07/12/2016,7.87,7.7,6.97
08/12/2016,7.57,7.27,6.83
09/12/2016,7.6,7.36,6.77
13/12/2016,7.71,7.51,6.99
14/12/2016,7.8,7.6,6.95
15/12/2016,7.91,7.76,7.45
16/12/2016,8.01,7.84,7.42
19/12/2016,7.97,7.83,7.38
20/12/2016,7.91,7.65,6.99
21/12/2016,7.88,7.6,6.89
22/12/2016,7.86,7.56,7
23/12/2016,7.89,7.58,7.24
27/12/2016,7.9,7.59,7.37
28/12/2016,7.93,7.58,7.4
29/12/2016,7.95,7.6,7.4
30/12/2016,7.94,7.59,7.46
31/12/2016,7.94,7.59,7.46
03/01/2017,7.96,7.63,7.29
04/01/2017,7.93,7.64,7.26
05/01/2017,7.61,7.48,7.14
06/01/2017,7.6,7.45,7.13
09/01/2017,7.61,7.39,7.1
10/01/2017,7.6,7.36,7.04
11/01/2017,7.59,7.37,7.01
12/01/2017,7.59,7.31,7.02
13/01/2017,7.49,7.29,6.82
16/01/2017,7.52,7.27,6.79
17/01/2017,7.54,7.27,6.7
18/01/2017,7.52,7.22,6.59
19/01/2017,7.56,7.25,6.68
20/01/2017,7.58,7.23,6.68
23/01/2017,7.56,7.22,6.69
24/01/2017,7.54,7.15,6.72
25/01/2017,7.53,7.15,6.66
26/01/2017,7.58,7.21,6.66
27/01/2017,7.62,7.23,6.82
30/01/2017,7.62,7.26,6.9
31/01/2017,7.64,7.28,6.71
01/02/2017,7.63,7.29,6.72
02/02/2017,7.65,7.31,6.71
03/02/2017,7.63,7.32,6.63
06/02/2017,7.57,7.26,6.64
07/02/2017,7.55,7.23,6.64
08/02/2017,7.55,7.23,6.61
09/02/2017,7.51,7.2,6.6
10/02/2017,7.49,7.18,6.65
13/02/2017,7.52,7.18,6.68
14/02/2017,7.53,7.2,6.56
15/02/2017,7.52,7.19,6.67
16/02/2017,7.55,7.2,6.63
17/02/2017,7.55,7.21,6.63
20/02/2017,7.53,7.22,6.58
21/02/2017,7.56,7.25,6.7
22/02/2017,7.6,7.29,6.67
23/02/2017,7.57,7.28,6.67
24/02/2017,7.56,7.27,6.74
27/02/2017,7.51,7.27,6.79
28/02/2017,7.54,7.3,6.68
01/03/2017,7.54,7.28,6.7
02/03/2017,7.54,7.26,6.68
03/03/2017,7.48,7.25,6.67
06/03/2017,7.49,7.25,6.68
07/03/2017,7.48,7.24,6.7
08/03/2017,7.42,7.22,6.71
09/03/2017,7.45,7.22,6.66
10/03/2017,7.51,7.27,6.65
13/03/2017,7.48,7.26,6.62
14/03/2017,7.47,7.25,6.63
15/03/2017,7.4,7.19,6.58
16/03/2017,7.3,7.12,6.58
17/03/2017,7.25,7.07,6.74
18/03/2017,7.25,7.07,6.74
20/03/2017,7.19,7.02,6.78
21/03/2017,7.14,6.96,6.48
22/03/2017,7.15,6.94,6.26
23/03/2017,7.14,6.87,6.36
24/03/2017,7.11,6.91,6.31
26/03/2017,7.11,6.91,6.31
27/03/2017,7.09,6.92,6.4
29/03/2017,7.09,6.91,6.45
30/03/2017,7.04,6.86,6.41
31/03/2017,7.03,6.82,6.47
03/04/2017,7.03,6.8,6.34
04/04/2017,7.01,6.77,6.32
05/04/2017,7.03,6.77,6.28
06/04/2017,7.05,6.79,6.25
07/04/2017,7.11,6.87,6.36
10/04/2017,7.12,6.88,6.35
11/04/2017,7.1,6.86,6.25
12/04/2017,7.07,6.81,6.19
13/04/2017,7.04,6.74,6.18
17/04/2017,7.03,6.71,6.16
18/04/2017,7.05,6.71,6.17
19/04/2017,7.05,6.73,6.17
20/04/2017,7.09,6.75,6.18
21/04/2017,7.1,6.75,6.17
22/04/2017,7.1,6.75,6.17
25/04/2017,7.09,6.74,6.19
26/04/2017,7.03,6.7,6.18
27/04/2017,7.05,6.67,6.16
28/04/2017,7.03,6.67,6.21
02/05/2017,7.03,6.67,6.22
03/05/2017,7.02,6.67,6.22
04/05/2017,7.04,6.67,6.21
05/05/2017,7.06,6.7,6.22
07/05/2017,7.06,6.7,6.22
08/05/2017,7.07,6.73,6.23
09/05/2017,7.1,6.77,6.24
10/05/2017,7.15,6.8,6.38
12/05/2017,7.2,6.84,6.31
15/05/2017,7.06,6.76,6.31
16/05/2017,7.04,6.76,6.31
17/05/2017,7.03,6.75,6.35
18/05/2017,7.06,6.77,6.34
19/05/2017,7.1,6.8,6.33
22/05/2017,6.96,6.73,6.32
23/05/2017,6.96,6.7,6.32
24/05/2017,6.95,6.71,6.32
26/05/2017,6.94,6.7,6.39
29/05/2017,6.94,6.71,6.33
30/05/2017,6.95,6.71,6.33
31/05/2017,6.95,6.71,6.24
02/06/2017,6.94,6.7,6.21
05/06/2017,6.94,6.71,6.26
06/06/2017,6.93,6.69,6.27
07/06/2017,6.94,6.7,6.26
08/06/2017,6.93,6.7,6.27
09/06/2017,6.9,6.69,6.13
12/06/2017,6.9,6.67,6.17
13/06/2017,6.9,6.65,6.21
14/06/2017,6.88,6.66,6.17
15/06/2017,6.84,6.66,6.16
16/06/2017,6.8,6.65,5.96
19/06/2017,6.77,6.64,5.85
20/06/2017,6.77,6.67,5.53
21/06/2017,6.81,6.69,5.97
22/06/2017,6.81,6.67,5.91
23/06/2017,6.81,6.67,5.94
25/06/2017,6.81,6.67,5.94
01/07/2017,6.81,6.94,6.06
02/07/2017,6.81,6.94,5.77
03/07/2017,6.86,6.75,5.92
04/07/2017,6.83,6.74,5.86
05/07/2017,6.8,6.73,5.85
06/07/2017,6.87,6.8,5.96
07/07/2017,7.02,6.95,5.69
10/07/2017,7.21,6.99,5.98
11/07/2017,7.16,6.98,5.87
12/07/2017,7.08,6.87,5.9
13/07/2017,6.97,6.82,5.86
14/07/2017,6.97,6.8,5.92
16/07/2017,6.97,6.82,6.08
17/07/2017,6.95,6.8,5.91
18/07/2017,6.95,6.79,5.88
19/07/2017,6.93,6.78,5.82
20/07/2017,6.92,6.77,5.75
21/07/2017,6.93,6.77,5.86
24/07/2017,6.92,6.75,5.94
25/07/2017,6.93,6.76,5.88
26/07/2017,6.94,6.77,5.74
27/07/2017,6.96,6.77,6.03
28/07/2017,6.95,6.76,6.14
31/07/2017,6.95,6.75,6.03
01/08/2017,6.93,6.73,6.17
02/08/2017,6.92,6.74,5.95
03/08/2017,6.91,6.72,6.09
04/08/2017,6.89,6.7,6.1
06/08/2017,6.89,6.7,6.17
07/08/2017,6.88,6.69,6.07
08/08/2017,6.89,6.67,6.03
09/08/2017,6.84,6.62,5.99
10/08/2017,6.87,6.64,6
11/08/2017,6.89,6.64,6.07
14/08/2017,6.9,6.64,5.95
15/08/2017,6.9,6.63,5.85
16/08/2017,6.91,6.63,5.85
18/08/2017,6.9,6.62,5.81
21/08/2017,6.88,6.54,5.84
22/08/2017,6.87,6.54,5.92
23/08/2017,6.86,6.52,5.87
24/08/2017,6.86,6.47,5.76
25/08/2017,6.83,6.39,5.7
28/08/2017,6.76,6.36,5.67
29/08/2017,6.77,6.37,5.65
30/08/2017,6.72,6.3,5.58
31/08/2017,6.68,6.26,5.6
04/09/2017,6.66,6.25,5.43
05/09/2017,6.66,6.25,5.59
06/09/2017,6.57,6.17,5.89
07/09/2017,6.57,6.14,5.79
08/09/2017,6.47,6.05,5.76
11/09/2017,6.38,5.99,5.67
12/09/2017,6.43,6.03,5.65
13/09/2017,6.45,6.04,5.68
14/09/2017,6.51,6.11,5.69
15/09/2017,6.54,6.12,5.66
18/09/2017,6.49,6.03,5.6
19/09/2017,6.47,6.03,5.58
20/09/2017,6.45,6.03,5.54
22/09/2017,6.45,6.02,5.51
25/09/2017,6.27,5.87,5.51
26/09/2017,6.32,5.94,5.48
27/09/2017,6.39,6.01,5.63
28/09/2017,6.58,6.21,5.64
29/09/2017,6.5,6.12,5.77
02/10/2017,6.47,6.11,5.7
03/10/2017,6.53,6.18,5.75
04/10/2017,6.51,6.15,5.76
05/10/2017,6.49,6.15,5.72
06/10/2017,6.5,6.17,5.75
09/10/2017,6.55,6.22,5.73
10/10/2017,6.57,6.24,5.81
11/10/2017,6.58,6.26,5.75
12/10/2017,6.59,6.25,5.73
13/10/2017,6.56,6.22,5.66
16/10/2017,6.54,6.2,5.77
17/10/2017,6.59,6.22,5.71
18/10/2017,6.65,6.24,5.76
19/10/2017,6.65,6.24,5.62
20/10/2017,6.63,6.25,5.62
22/10/2017,6.63,6.25,5.62
23/10/2017,6.71,6.3,5.62
24/10/2017,6.73,6.35,5.58
25/10/2017,6.79,6.39,5.72
26/10/2017,6.86,6.44,5.72
27/10/2017,6.82,6.44,5.51
29/10/2017,6.82,6.44,5.65
30/10/2017,6.82,6.48,5.75
31/10/2017,6.81,6.42,5.55
01/11/2017,6.77,6.42,5.4
02/11/2017,6.76,6.37,5.56
03/11/2017,6.67,6.29,5.69
06/11/2017,6.66,6.33,5.68
07/11/2017,6.67,6.31,5.7
08/11/2017,6.66,6.31,5.48
09/11/2017,6.66,6.3,5.66
10/11/2017,6.64,6.3,5.66
13/11/2017,6.67,6.33,5.47
14/11/2017,6.69,6.35,5.46
15/11/2017,6.65,6.28,5.56
16/11/2017,6.67,6.29,5.46
17/11/2017,6.68,6.26,5.46
20/11/2017,6.62,6.23,5.49
21/11/2017,6.61,6.21,5.61
22/11/2017,6.59,6.2,5.37
23/11/2017,6.57,6.16,5.4
24/11/2017,6.55,6.12,5.42
27/11/2017,6.57,6.13,5.27
28/11/2017,6.6,6.14,5.39
29/11/2017,6.53,6.07,5.33
30/11/2017,6.51,6.05,5.27
04/12/2017,6.51,6.07,5.36
05/12/2017,6.53,6.04,5.35
06/12/2017,6.51,6.03,5.21
07/12/2017,6.54,6.05,5.31
08/12/2017,6.55,6.07,5.36
11/12/2017,6.55,6.07,5.54
12/12/2017,6.52,6.04,5.52
13/12/2017,6.53,6.05,5.53
14/12/2017,6.51,6.04,5.56
15/12/2017,6.48,6.02,5.5
16/12/2017,6.48,6.02,5.5
18/12/2017,6.49,6.03,5.58
19/12/2017,6.48,6.04,5.49
20/12/2017,6.46,6.04,5.5
21/12/2017,6.41,5.99,5.46
22/12/2017,6.37,5.97,5.46
27/12/2017,6.35,5.99,5.44
28/12/2017,6.34,5.97,5.43
29/12/2017,6.31,5.94,5.36
30/12/2017,6.31,5.94,5.36
02/01/2018,6.28,5.93,5.37
03/01/2018,6.26,5.93,5.49
04/01/2018,6.12,5.67,5.33
05/01/2018,6.08,5.57,5.24
08/01/2018,6.07,5.53,5.2
09/01/2018,6.08,5.57,5.27
10/01/2018,6.16,5.7,5.25
11/01/2018,6.13,5.66,5.24
12/01/2018,6.06,5.59,5.08
15/01/2018,6.08,5.58,5.12
16/01/2018,6.08,5.58,5.16
17/01/2018,6.08,5.59,5.1
18/01/2018,6.08,5.6,5.12
19/01/2018,6.09,5.56,5.1
22/01/2018,6.13,5.61,5.11
23/01/2018,6.16,5.66,5.13
24/01/2018,6.17,5.68,5.14
25/01/2018,6.17,5.67,5.05
26/01/2018,6.17,5.69,5.03
29/01/2018,6.21,5.73,5.02
30/01/2018,6.37,5.85,5.21
31/01/2018,6.32,5.78,5.18
01/02/2018,6.22,5.76,5.12
02/02/2018,6.26,5.78,5.11
05/02/2018,6.36,5.82,5.11
06/02/2018,6.36,5.85,5.11
07/02/2018,6.37,5.82,5.09
08/02/2018,6.37,5.8,5.07
09/02/2018,6.36,5.8,5.07
12/02/2018,6.36,5.8,5.07
13/02/2018,6.38,5.79,5.09
14/02/2018,6.42,5.8,5.08
15/02/2018,6.41,5.75,5.1
18/02/2018,6.41,5.75,5.1
19/02/2018,6.45,5.78,5.06
20/02/2018,6.47,5.79,5.12
21/02/2018,6.43,5.79,5.14
22/02/2018,6.55,5.85,5.12
23/02/2018,6.6,5.9,5.11
26/02/2018,6.5,5.88,5.09
27/02/2018,6.5,5.91,5.12
28/02/2018,6.6,6,5.14
01/03/2018,6.61,6.05,5.24
02/03/2018,6.61,6.03,5.28
05/03/2018,6.58,5.99,5.3
06/03/2018,6.66,6.07,5.25
07/03/2018,6.71,6.19,5.29
08/03/2018,6.71,6.26,5.45
09/03/2018,6.8,6.3,5.49
12/03/2018,6.83,6.3,5.36
13/03/2018,6.78,6.2,5.45
14/03/2018,6.69,6.17,5.32
15/03/2018,6.67,6.14,5.33
16/03/2018,6.73,6.16,5.31
19/03/2018,6.73,6.08,5.32
20/03/2018,6.72,6,5.43
21/03/2018,6.75,5.99,5.49
22/03/2018,6.76,5.99,5.52
23/03/2018,6.87,6.03,5.42
26/03/2018,6.9,6.05,5.41
27/03/2018,6.82,6,5.41
28/03/2018,6.77,5.94,5.32
29/03/2018,6.67,5.93,5.32
02/04/2018,6.63,5.93,5.3
03/04/2018,6.61,5.94,5.29
04/04/2018,6.62,5.95,5.33
05/04/2018,6.59,5.94,5.29
06/04/2018,6.6,5.97,5.34
09/04/2018,6.63,5.97,5.38
10/04/2018,6.63,5.98,5.43
11/04/2018,6.59,5.98,5.43
12/04/2018,6.58,5.99,5.48
13/04/2018,6.57,5.99,5.53
16/04/2018,6.6,6.02,5.5
17/04/2018,6.62,6.05,5.52
18/04/2018,6.64,6.06,5.52
19/04/2018,6.68,6.06,5.55
20/04/2018,6.75,6.14,5.6
23/04/2018,6.85,6.3,5.74
24/04/2018,6.89,6.32,5.83
25/04/2018,7,6.47,6.14
26/04/2018,7.14,6.69,6.06
27/04/2018,7.03,6.64,6.07
30/04/2018,6.91,6.46,5.93
02/05/2018,6.96,6.52,6.03
03/05/2018,6.99,6.57,6.16
04/05/2018,7,6.6,6.15
07/05/2018,7.05,6.62,6.19
08/05/2018,7.2,6.78,6.33
09/05/2018,7.31,6.97,6.56
10/05/2018,7.31,6.97,6.56
11/05/2018,7.25,6.95,6.4
14/05/2018,7.1,6.94,6.48
15/05/2018,7.08,6.82,6.54
16/05/2018,7.14,6.82,6.47
17/05/2018,7.23,6.89,6.51
18/05/2018,7.31,6.95,6.55
20/05/2018,7.31,6.95,6.55
21/05/2018,7.44,7.02,6.58
22/05/2018,7.49,7.05,6.66
23/05/2018,7.6,7.08,6.71
24/05/2018,7.61,7.15,6.66
25/05/2018,7.55,7.08,6.62
28/05/2018,7.17,6.9,6.43
30/05/2018,7.16,6.82,6.42
31/05/2018,7.06,6.83,6.52
04/06/2018,6.98,6.83,6.45
05/06/2018,7.05,6.86,6.5
06/06/2018,7.16,6.86,6.51
07/06/2018,7.24,6.87,6.51
08/06/2018,7.28,6.99,6.56
20/06/2018,7.31,7.07,6.4
21/06/2018,7.48,7.12,6.73
22/06/2018,7.51,7.2,6.8
25/06/2018,7.56,7.3,6.61
26/06/2018,7.61,7.38,6.92
27/06/2018,7.7,7.44,7.38
28/06/2018,7.82,7.6,6.96
29/06/2018,7.8,7.6,7.04
02/07/2018,7.76,7.56,7.05
03/07/2018,7.79,7.61,7.1
04/07/2018,7.8,7.7,6.96
05/07/2018,7.73,7.62,7.24
06/07/2018,7.64,7.52,7.25
09/07/2018,7.5,7.42,7.07
10/07/2018,7.38,7.38,7.07
11/07/2018,7.46,7.43,7.21
12/07/2018,7.53,7.51,7.17
13/07/2018,7.48,7.44,7.09
16/07/2018,7.51,7.48,7.06
17/07/2018,7.56,7.53,7.04
18/07/2018,7.61,7.59,6.91
19/07/2018,7.76,7.68,6.74
20/07/2018,7.86,7.78,6.87
23/07/2018,7.84,7.76,6.85
24/07/2018,7.8,7.74,6.83
25/07/2018,7.78,7.69,6.83
26/07/2018,7.73,7.66,6.8
27/07/2018,7.74,7.64,6.79
30/07/2018,7.72,7.65,6.78
31/07/2018,7.76,7.66,6.68
01/08/2018,7.75,7.68,6.67
02/08/2018,7.73,7.63,6.7
03/08/2018,7.82,7.73,6.63
06/08/2018,7.8,7.71,6.73
07/08/2018,7.79,7.69,6.68
08/08/2018,7.75,7.67,6.59
09/08/2018,7.63,7.52,6.51
10/08/2018,7.68,7.54,6.55
13/08/2018,7.91,7.73,6.49
14/08/2018,8.01,7.81,7.09
15/08/2018,8,7.8,6.59
16/08/2018,7.99,7.85,6.71
20/08/2018,7.91,7.8,6.78
21/08/2018,7.84,7.74,6.8
23/08/2018,7.84,7.75,6.72
24/08/2018,7.92,7.8,6.76
27/08/2018,7.94,7.8,6.74
28/08/2018,7.96,7.81,6.76
29/08/2018,7.94,7.73,6.69
30/08/2018,7.97,7.77,6.85
31/08/2018,8.13,7.94,6.93
03/09/2018,8.23,8.06,7.6
04/09/2018,8.34,8.19,7.48
05/09/2018,8.48,8.37,7.57
06/09/2018,8.58,8.52,7.7
07/09/2018,8.52,8.46,7.73
10/09/2018,8.5,8.41,7.63
12/09/2018,8.63,8.45,7.62
13/09/2018,8.52,8.45,7.89
14/09/2018,8.5,8.39,7.58
17/09/2018,8.43,8.3,7.81
18/09/2018,8.44,8.33,7.53
19/09/2018,8.25,8.17,7.35
20/09/2018,8.22,8.15,7.22
21/09/2018,8.18,8.16,7.46
24/09/2018,8.18,8.15,7.59
25/09/2018,8.23,8.23,7.51
26/09/2018,8.24,8.23,7.27
27/09/2018,8.2,8.2,7.24
28/09/2018,8.21,8.16,7.44
01/10/2018,8.03,7.9,7.29
02/10/2018,8.09,7.95,7.37
03/10/2018,8.26,8.05,7.35
04/10/2018,8.4,8.19,7.35
05/10/2018,8.4,8.25,7.15
08/10/2018,8.43,8.28,7.19
09/10/2018,8.55,8.32,7.17
10/10/2018,8.56,8.31,7.05
11/10/2018,8.59,8.33,7.08
12/10/2018,8.74,8.44,7.06
15/10/2018,8.85,8.51,7.05
16/10/2018,8.85,8.58,7.04
17/10/2018,8.72,8.49,7.01
18/10/2018,8.56,8.44,6.96
19/10/2018,8.64,8.51,7.01
22/10/2018,8.65,8.51,6.98
23/10/2018,8.65,8.49,6.97
24/10/2018,8.6,8.43,6.95
25/10/2018,8.6,8.46,6.89
26/10/2018,8.67,8.45,6.87
29/10/2018,8.66,8.46,6.82
30/10/2018,8.63,8.46,6.84
31/10/2018,8.6,8.41,6.79
01/11/2018,8.52,8.31,6.78
02/11/2018,8.39,8.22,6.72
05/11/2018,8.34,8.16,6.67
06/11/2018,8.3,8.12,6.69
07/11/2018,8.16,7.96,6.65
08/11/2018,8.08,7.94,6.62
09/11/2018,8.08,7.95,6.61
12/11/2018,8.19,8.07,6.62
13/11/2018,8.23,8.1,6.56
14/11/2018,8.14,8.05,6.55
15/11/2018,8.11,8.05,6.51
16/11/2018,8.07,8,6.47
19/11/2018,8.05,7.99,6.46
21/11/2018,8.02,8,6.44
22/11/2018,7.99,7.99,6.26
23/11/2018,7.92,7.96,6.25
26/11/2018,7.91,7.94,6.36
27/11/2018,7.88,7.85,6.21
28/11/2018,7.9,7.9,6.22
29/11/2018,7.92,7.88,6.17
30/11/2018,7.87,7.85,6.33
03/12/2018,7.83,7.83,6.3
04/12/2018,7.83,7.81,6.29
05/12/2018,7.87,7.86,6.3
06/12/2018,7.97,7.97,6.27
07/12/2018,8.05,7.97,6.24
10/12/2018,8.11,8.04,5.99
11/12/2018,8.28,8.17,6.3
12/12/2018,8.22,8.13,6.46
13/12/2018,8.13,8.12,6.4
14/12/2018,8.07,8.03,6.64
17/12/2018,8.13,8.09,6.35
18/12/2018,8.13,8.09,6.61
19/12/2018,8.02,7.98,6.47
20/12/2018,7.99,7.97,6.5
21/12/2018,7.98,7.91,6.48
26/12/2018,8.01,7.77,6.47
27/12/2018,8.02,7.84,6.37
28/12/2018,7.98,7.87,6.31
31/12/2018,8,7.85,5.88
02/01/2019,8.01,7.87,5.85
03/01/2019,8.08,7.9,5.79
04/01/2019,8.08,8.02,6.08
07/01/2019,7.89,7.8,6.16
08/01/2019,7.89,7.87,6.17
09/01/2019,7.95,7.86,6.56
10/01/2019,7.92,7.86,6.51
11/01/2019,7.96,7.88,6.52
14/01/2019,7.98,7.9,6.51
15/01/2019,8.01,7.97,6.51
16/01/2019,8.07,7.98,6.45
17/01/2019,8.08,7.99,6.51
18/01/2019,8.09,7.99,6.46
21/01/2019,8.09,7.99,6.47
22/01/2019,8.1,8,6.51
23/01/2019,8.08,7.99,6.47
24/01/2019,8.1,7.98,6.4
25/01/2019,8.1,8,6.39
28/01/2019,8.1,8,6.41
29/01/2019,8.14,8,6.45
30/01/2019,8.16,7.99,6.43
31/01/2019,8.05,7.87,6.37
01/02/2019,7.91,7.8,6.34
04/02/2019,7.85,7.73,6.24
06/02/2019,7.78,7.69,6.28
07/02/2019,7.79,7.7,6.22
08/02/2019,7.86,7.74,6.29
11/02/2019,7.92,7.77,6.27
12/02/2019,7.94,7.78,6.25
13/02/2019,7.89,7.74,6.23
14/02/2019,7.97,7.79,7.15
15/02/2019,8.02,7.82,7.13
18/02/2019,8.01,7.82,7.09
19/02/2019,7.99,7.8,7.16
20/02/2019,7.91,7.76,7.14
21/02/2019,7.94,7.76,7.1
22/02/2019,7.96,7.76,7.08
25/02/2019,7.9,7.71,7.08
26/02/2019,7.83,7.67,7.07
27/02/2019,7.8,7.53,7.06
28/02/2019,7.8,7.54,7.04
01/03/2019,7.84,7.5,7.02
04/03/2019,7.86,7.49,7
05/03/2019,7.86,7.47,7
06/03/2019,7.89,7.5,6.98
08/03/2019,7.96,7.56,6.96
11/03/2019,7.96,7.54,6.96
12/03/2019,7.89,7.49,6.93
13/03/2019,7.86,7.45,6.94
14/03/2019,7.84,7.43,6.92
15/03/2019,7.8,7.39,6.9
18/03/2019,7.74,7.32,6.9
19/03/2019,7.73,7.31,6.91
20/03/2019,7.72,7.27,6.91
21/03/2019,7.62,7.16,6.89
22/03/2019,7.6,7.12,6.84
25/03/2019,7.65,7.17,6.69
26/03/2019,7.63,7.11,6.74
27/03/2019,7.62,7.07,6.69
28/03/2019,7.66,7.14,6.68
29/03/2019,7.67,7.16,6.66
01/04/2019,7.59,7.11,6.62
02/04/2019,7.6,7.13,6.76
04/04/2019,7.59,7.11,6.69
05/04/2019,7.56,7.09,6.71
08/04/2019,7.63,7.12,6.6
09/04/2019,7.66,7.16,6.68
10/04/2019,7.67,7.17,6.62
11/04/2019,7.67,7.15,6.64
12/04/2019,7.68,7.17,6.63
15/04/2019,7.67,7.15,6.63
16/04/2019,7.63,7.13,6.56
18/04/2019,7.58,7.1,6.55
22/04/2019,7.62,7.12,6.5
23/04/2019,7.65,7.13,6.49
24/04/2019,7.68,7.17,6.49
25/04/2019,7.74,7.18,6.47
26/04/2019,7.78,7.21,6.46
29/04/2019,7.78,7.23,6.51
30/04/2019,7.8,7.29,6.53
02/05/2019,7.85,7.35,6.54
03/05/2019,7.87,7.44,6.54
06/05/2019,7.93,7.47,6.63
07/05/2019,7.98,7.5,6.65
08/05/2019,8.03,7.53,6.61
09/05/2019,8.06,7.56,6.58
10/05/2019,8.03,7.51,6.57
13/05/2019,8.03,7.52,6.61
14/05/2019,8.07,7.55,6.6
15/05/2019,8.02,7.52,6.59
16/05/2019,8.01,7.53,6.6
17/05/2019,8.03,7.53,6.66
20/05/2019,8.09,7.57,6.6
21/05/2019,8.09,7.58,6.59
22/05/2019,8.09,7.59,6.65
23/05/2019,8.05,7.6,6.62
24/05/2019,7.93,7.49,6.65
27/05/2019,7.91,7.47,6.66
28/05/2019,7.96,7.52,6.69
29/05/2019,8.03,7.57,6.57
31/05/2019,8.02,7.56,6.53
10/06/2019,7.74,7.37,6.53
11/06/2019,7.72,7.31,6.56
12/06/2019,7.7,7.3,6.56
13/06/2019,7.7,7.25,6.54
14/06/2019,7.7,7.23,6.52
17/06/2019,7.67,7.17,6.42
18/06/2019,7.66,7.14,6.39
19/06/2019,7.58,7.04,6.55
20/06/2019,7.46,6.88,6.55
21/06/2019,7.41,6.89,6.54
24/06/2019,7.49,6.92,6.53
25/06/2019,7.45,6.87,6.52
26/06/2019,7.44,6.9,6.51
27/06/2019,7.42,6.91,6.54
28/06/2019,7.37,6.87,6.54
01/07/2019,7.37,6.86,6.53
02/07/2019,7.34,6.87,6.52
03/07/2019,7.3,6.79,6.51
04/07/2019,7.25,6.81,6.48
05/07/2019,7.22,6.77,6.47
08/07/2019,7.25,6.79,6.45
09/07/2019,7.27,6.75,6.44
10/07/2019,7.33,6.78,6.41
11/07/2019,7.23,6.65,6.38
12/07/2019,7.2,6.58,6.3
15/07/2019,7.12,6.52,6.28
16/07/2019,7.1,6.5,6.25
17/07/2019,7.12,6.51,6.24
18/07/2019,7.14,6.52,6.21
19/07/2019,7.14,6.52,6.21
22/07/2019,7.18,6.56,6.22
23/07/2019,7.26,6.67,6.21
24/07/2019,7.27,6.69,6.23
25/07/2019,7.19,6.62,6.21
26/07/2019,7.22,6.64,6.19
29/07/2019,7.26,6.69,6.22
30/07/2019,7.31,6.76,6.23
31/07/2019,7.38,6.82,6.22
01/08/2019,7.48,6.92,6.23
02/08/2019,7.54,6.98,6.25
05/08/2019,7.63,7.06,6.29
06/08/2019,7.67,7.12,6.26
07/08/2019,7.51,7.05,6.26
08/08/2019,7.41,6.91,6.23
09/08/2019,7.31,6.79,6.33
12/08/2019,7.34,6.86,6.23
13/08/2019,7.46,6.91,6.26
14/08/2019,7.44,6.87,6.29
15/08/2019,7.46,6.84,6.26
16/08/2019,7.41,6.81,6.24
19/08/2019,7.33,6.74,6.22
20/08/2019,7.35,6.76,6.22
21/08/2019,7.31,6.73,6.22
22/08/2019,7.24,6.68,6.17
23/08/2019,7.24,6.66,6.21
26/08/2019,7.29,6.74,6.14
27/08/2019,7.28,6.74,6.2
28/08/2019,7.33,6.78,6.2
29/08/2019,7.35,6.79,6.23
30/08/2019,7.35,6.78,6.23
02/09/2019,7.33,6.77,6.26
03/09/2019,7.36,6.78,6.26
04/09/2019,7.35,6.79,6.24
05/09/2019,7.32,6.73,6.2
06/09/2019,7.32,6.73,6.25
09/09/2019,7.29,6.71,6.24
10/09/2019,7.26,6.67,6.23
11/09/2019,7.26,6.69,6.22
12/09/2019,7.26,6.69,6.18
13/09/2019,7.2,6.61,6.16
16/09/2019,7.24,6.67,6.15
17/09/2019,7.27,6.68,6.14
18/09/2019,7.23,6.61,6.15
19/09/2019,7.21,6.62,6.04
20/09/2019,7.24,6.62,6.03
23/09/2019,7.25,6.62,6.03
24/09/2019,7.31,6.7,6.02
25/09/2019,7.33,6.74,6.01
26/09/2019,7.32,6.74,5.97
27/09/2019,7.33,6.75,6.04
30/09/2019,7.3,6.72,5.94
01/10/2019,7.3,6.7,5.96
02/10/2019,7.28,6.69,5.95
03/10/2019,7.26,6.68,5.92
04/10/2019,7.23,6.65,5.9
07/10/2019,7.24,6.65,5.87
08/10/2019,7.26,6.65,5.88
09/10/2019,7.27,6.7,5.87
10/10/2019,7.28,6.68,5.82
11/10/2019,7.25,6.68,5.81
14/10/2019,7.21,6.65,5.81
15/10/2019,7.22,6.63,5.91
16/10/2019,7.18,6.64,5.89
17/10/2019,7.14,6.63,5.91
18/10/2019,7.14,6.64,5.89
19/10/2019,7.27,6.72,5.84
21/10/2019,7.13,6.64,5.88
22/10/2019,7.1,6.58,5.86
23/10/2019,7.08,6.56,5.85
24/10/2019,7.07,6.53,5.81
25/10/2019,7.09,6.54,5.78
28/10/2019,7.04,6.51,5.76
29/10/2019,7.03,6.47,5.77
30/10/2019,7.03,6.47,5.78
31/10/2019,7.01,6.43,5.67
01/11/2019,7.03,6.46,5.67
04/11/2019,7,6.44,5.6
05/11/2019,6.98,6.43,5.61
06/11/2019,6.97,6.42,5.62
07/11/2019,7,6.45,5.55
08/11/2019,6.97,6.44,5.51
11/11/2019,7.01,6.44,5.46
12/11/2019,7.05,6.49,5.48
13/11/2019,7.07,6.51,5.45
14/11/2019,7.08,6.52,5.43
15/11/2019,7.05,6.51,5.46
18/11/2019,7.01,6.51,5.47
19/11/2019,7.04,6.49,5.48
20/11/2019,7.05,6.49,5.46
21/11/2019,7.09,6.54,5.43
22/11/2019,7.07,6.52,5.4
25/11/2019,7.07,6.51,5.35
26/11/2019,7.07,6.51,5.3
27/11/2019,7.09,6.51,5.31
28/11/2019,7.06,6.51,5.29
29/11/2019,7.07,6.52,5.26
02/12/2019,7.14,6.62,5.25
03/12/2019,7.18,6.58,5.35
04/12/2019,7.17,6.6,5.34
05/12/2019,7.12,6.56,5.29
06/12/2019,7.11,6.56,5.15
09/12/2019,7.11,6.54,5.2
10/12/2019,7.11,6.53,5.24
11/12/2019,7.13,6.53,5.26
12/12/2019,7.21,6.57,5.22
13/12/2019,7.22,6.61,5.21
16/12/2019,7.25,6.62,5.22
17/12/2019,7.32,6.65,5.21
18/12/2019,7.35,6.63,5.2
19/12/2019,7.24,6.58,5.26
20/12/2019,7.19,6.52,5.17
23/12/2019,7.15,6.45,5.15
24/12/2019,7.21,6.5,5.04
26/12/2019,7.13,6.43,5.02
27/12/2019,7.1,6.4,5.06
30/12/2019,7.1,6.41,5.05
31/12/2019,7.05,6.41,5.07
02/01/2020,7.07,6.43,5
03/01/2020,7.07,6.39,5.03
06/01/2020,7.12,6.44,5
07/01/2020,7.12,6.42,4.94
08/01/2020,7.07,6.4,4.9
09/01/2020,7.02,6.33,4.89
10/01/2020,6.93,6.26,4.81
13/01/2020,6.87,6.21,4.84
14/01/2020,6.86,6.2,4.88
15/01/2020,6.88,6.24,4.85
16/01/2020,6.85,6.2,5.38
17/01/2020,6.83,6.15,5.12
20/01/2020,6.83,6.15,5.12
21/01/2020,6.78,6.11,5.36
22/01/2020,6.72,6.08,4.91
23/01/2020,6.67,6.01,5.05
24/01/2020,6.62,6,5.26
27/01/2020,6.67,6.12,4.84
28/01/2020,6.77,6.13,4.82
29/01/2020,6.65,6.03,4.81
30/01/2020,6.65,6.01,4.77
31/01/2020,6.65,6.01,4.97
03/02/2020,6.69,6.07,4.94
04/02/2020,6.67,6.03,4.94
05/02/2020,6.61,6,5.34
06/02/2020,6.58,5.97,5.32
07/02/2020,6.58,5.96,5.35
10/02/2020,6.59,5.96,5.37
11/02/2020,6.58,5.95,5.28
12/02/2020,6.56,5.86,5.28
13/02/2020,6.56,5.8,5.29
14/02/2020,6.58,5.82,5.24
17/02/2020,6.57,5.8,5.22
18/02/2020,6.55,5.74,5.2
19/02/2020,6.53,5.68,5.05
20/02/2020,6.52,5.68,4.98
21/02/2020,6.54,5.72,4.96
24/02/2020,6.53,5.7,4.94
25/02/2020,6.55,5.68,4.86
26/02/2020,6.58,5.69,4.82
27/02/2020,6.72,5.84,4.81
28/02/2020,6.89,6.06,4.87
02/03/2020,6.96,6.17,4.82
03/03/2020,6.85,6.04,4.9
04/03/2020,6.63,5.77,4.73
05/03/2020,6.55,5.7,4.68
06/03/2020,6.65,5.89,4.79
09/03/2020,6.9,6.22,4.81
10/03/2020,6.97,6.13,4.98
11/03/2020,6.98,6.11,5.07
12/03/2020,7.25,6.31,5.02
13/03/2020,7.3,6.39,4.86
16/03/2020,7.32,6.73,4.94
17/03/2020,7.55,6.74,4.91
18/03/2020,7.58,6.73,5.06
19/03/2020,7.91,7.12,5.21
20/03/2020,8.1,7.27,5.36
23/03/2020,8.25,7.44,5.4
24/03/2020,8.32,7.54,5.5
26/03/2020,8.28,7.38,5.5
27/03/2020,7.91,7.21,5.97
30/03/2020,7.86,7.2,5.85
31/03/2020,7.91,7.27,5.85
01/04/2020,7.94,7.38,5.8
02/04/2020,8.04,7.44,5.76
03/04/2020,8.1,7.48,5.86
06/04/2020,8.18,7.6,5.86
07/04/2020,8.14,7.61,5.95
08/04/2020,8.1,7.61,5.94
09/04/2020,8.12,7.64,5.97
13/04/2020,8.03,7.57,6.03
14/04/2020,7.93,7.59,5.96
15/04/2020,7.93,7.43,5.95
16/04/2020,7.97,7.42,5.69
17/04/2020,7.93,7.39,5.81
20/04/2020,7.85,7.24,5.78
21/04/2020,7.78,7.11,5.68
22/04/2020,7.84,7.22,5.67
23/04/2020,7.84,7.25,5.62
24/04/2020,7.92,7.27,5.6
27/04/2020,7.99,7.42,5.57
28/04/2020,8.1,7.61,5.75
29/04/2020,8.08,7.59,5.69
30/04/2020,7.89,7.29,5.7
04/05/2020,8.02,7.46,5.62
05/05/2020,8.07,7.52,5.55
06/05/2020,8.09,7.58,5.54
08/05/2020,8.09,7.55,5.52
11/05/2020,8.08,7.53,5.61
12/05/2020,8,7.41,5.59
13/05/2020,7.9,7.29,5.57
14/05/2020,7.86,7.21,5.55
15/05/2020,7.81,7.17,5.21
18/05/2020,7.75,7.15,5.1
19/05/2020,7.72,7.15,4.86
20/05/2020,7.68,7.13,4.89
23/05/2020,7.82,7.19,3.39
26/05/2020,7.33,6.87,5.31
27/05/2020,7.35,6.83,5.29
28/05/2020,7.36,6.87,5.22
29/05/2020,7.34,6.85,5.2
02/06/2020,7.23,6.75,5.4
03/06/2020,7.01,6.5,5.45
04/06/2020,7.07,6.65,5.38
05/06/2020,7.11,6.69,5.39
08/06/2020,7.21,6.73,5.43
09/06/2020,7.28,6.81,5.41
10/06/2020,7.29,6.79,5.39
11/06/2020,7.2,6.75,5.37
12/06/2020,7.24,6.85,5.34
15/06/2020,7.24,6.86,5.32
16/06/2020,7.19,6.81,5.3
17/06/2020,7.16,6.76,5.28
18/06/2020,7.19,6.74,5.22
19/06/2020,7.19,6.7,5.17
22/06/2020,7.22,6.71,5.1
23/06/2020,7.2,6.66,5.08
24/06/2020,7.18,6.64,5.05
25/06/2020,7.2,6.62,5.06
26/06/2020,7.19,6.59,4.92
29/06/2020,7.23,6.57,4.79
30/06/2020,7.22,6.57,4.89
01/07/2020,7.23,6.57,4.87
02/07/2020,7.23,6.57,4.82
03/07/2020,7.24,6.58,4.8
06/07/2020,7.25,6.56,4.72
07/07/2020,7.2,6.5,4.68
08/07/2020,7.13,6.44,4.72
09/07/2020,7.12,6.45,4.75
10/07/2020,7.11,6.42,4.72
13/07/2020,7.09,6.41,4.72
14/07/2020,7.08,6.33,4.66
15/07/2020,7.07,6.33,4.6
16/07/2020,7.04,6.29,4.75
17/07/2020,7.06,6.29,4.75
20/07/2020,7.07,6.3,4.67
21/07/2020,7.05,6.29,4.64
22/07/2020,6.99,6.22,4.53
23/07/2020,6.91,6.11,4.45
24/07/2020,6.87,6.05,4.51
27/07/2020,6.87,6.04,4.48
28/07/2020,6.85,6.01,4.43
29/07/2020,6.83,5.97,4.39
30/07/2020,6.83,5.96,4.45
03/08/2020,6.84,5.99,4.32
04/08/2020,6.84,5.97,4.31
05/08/2020,6.83,5.96,4.24
06/08/2020,6.8,5.9,4.17
07/08/2020,6.79,5.88,4.12
10/08/2020,6.8,5.88,4.09
11/08/2020,6.79,5.87,3.99
12/08/2020,6.76,5.85,3.95
13/08/2020,6.77,5.84,3.86
14/08/2020,6.77,5.81,3.91
18/08/2020,6.76,5.79,3.84
19/08/2020,6.73,5.74,3.76
24/08/2020,6.74,5.67,3.7
25/08/2020,6.72,5.63,3.74
26/08/2020,6.76,5.55,3.85
27/08/2020,6.81,5.56,3.88
28/08/2020,6.86,5.57,3.95
31/08/2020,6.86,5.56,4
01/09/2020,6.86,5.54,3.92
02/09/2020,6.91,5.55,3.9
03/09/2020,6.95,5.57,3.76
04/09/2020,6.95,5.56,3.76
07/09/2020,6.91,5.52,3.76
08/09/2020,6.88,5.5,3.82
09/09/2020,6.9,5.55,4.09
10/09/2020,6.9,5.57,3.79
11/09/2020,6.97,5.6,3.89
14/09/2020,6.95,5.57,3.94
15/09/2020,6.91,5.55,3.77
16/09/2020,6.92,5.56,3.81
17/09/2020,6.92,5.58,3.69
18/09/2020,6.92,5.59,3.83
21/09/2020,6.88,5.56,3.81
22/09/2020,6.89,5.58,3.68
23/09/2020,6.91,5.63,3.74
24/09/2020,6.91,5.65,3.83
25/09/2020,6.92,5.68,3.64
28/09/2020,6.92,5.68,3.92
29/09/2020,6.98,5.74,3.97
30/09/2020,6.93,5.75,3.9
01/10/2020,6.94,5.75,3.95
02/10/2020,6.92,5.78,3.73
05/10/2020,6.92,5.8,3.95
06/10/2020,6.9,5.78,3.74
07/10/2020,6.9,5.78,3.81
08/10/2020,6.9,5.8,3.76
09/10/2020,6.9,5.78,3.65
12/10/2020,6.9,5.77,3.5
13/10/2020,6.88,5.75,3.69
14/10/2020,6.86,5.72,3.51
15/10/2020,6.82,5.7,3.37
16/10/2020,6.76,5.65,4.18
19/10/2020,6.69,5.6,4.09
20/10/2020,6.66,5.57,4.13
21/10/2020,6.62,5.52,4.14
22/10/2020,6.61,5.53,4.18
23/10/2020,6.63,5.51,4.17
26/10/2020,6.61,5.52,4.12
27/10/2020,6.61,5.49,4.16
28/10/2020,6.79,5.67,4.13
02/11/2020,6.61,5.52,4.14
03/11/2020,6.6,5.53,4.15
04/11/2020,6.63,5.57,4.15
05/11/2020,6.61,5.56,4.07
06/11/2020,6.39,5.5,4.06
09/11/2020,6.26,5.38,4.01
10/11/2020,6.26,5.32,3.96
11/11/2020,6.32,5.41,3.89
12/11/2020,6.33,5.39,3.89
13/11/2020,6.32,5.39,3.93
16/11/2020,6.28,5.35,3.97
17/11/2020,6.21,5.29,3.9
18/11/2020,6.18,5.19,3.96
19/11/2020,6.18,5.23,4.01
20/11/2020,6.2,5.18,3.87
23/11/2020,6.24,5.25,4.01
24/11/2020,6.23,5.22,3.96
25/11/2020,6.23,5.23,3.98
26/11/2020,6.22,5.21,3.91
27/11/2020,6.22,5.17,3.8
30/11/2020,6.19,5.17,3.93
01/12/2020,6.19,5.17,3.92
02/12/2020,6.18,5.13,3.84
03/12/2020,6.21,5.1,3.84
04/12/2020,6.2,5.07,3.8
07/12/2020,6.24,5.13,3.91
08/12/2020,6.22,5.08,3.89
10/12/2020,6.2,5.08,3.91
11/12/2020,6.18,5.14,3.89
14/12/2020,6.16,5.15,3.89
15/12/2020,6.13,5.13,3.82
16/12/2020,6.1,5.15,3.86
17/12/2020,6.01,5.18,3.8
18/12/2020,5.98,5.2,3.83
21/12/2020,6.04,5.26,3.86
22/12/2020,6.11,5.35,3.86
23/12/2020,6.1,5.33,3.92
28/12/2020,6.04,5.25,4.19
29/12/2020,5.91,5.22,3.87
30/12/2020,5.94,5.25,4.24
04/01/2021,5.95,5.23,4.02
05/01/2021,6,5.23,4.01
06/01/2021,6.06,5.31,4.05
07/01/2021,6.03,5.21,4.08
08/01/2021,6.13,5.21,3.93
11/01/2021,6.22,5.28,4.26
12/01/2021,6.26,5.26,4.22
13/01/2021,6.22,5.24,4.19
14/01/2021,6.21,5.25,4.22
15/01/2021,6.21,5.25,4.3
18/01/2021,6.21,5.24,4.39
19/01/2021,6.29,5.3,4.49
20/01/2021,6.28,5.31,4.43
21/01/2021,6.29,5.28,4.41
22/01/2021,6.29,5.3,4.38
25/01/2021,6.29,5.25,4.36
26/01/2021,6.29,5.31,4.32
27/01/2021,6.31,5.32,4.3
28/01/2021,6.26,5.22,4.27
29/01/2021,6.26,5.2,4.24
01/02/2021,6.22,5.21,4.2
02/02/2021,6.18,5.2,4.14
03/02/2021,6.18,5.22,4.13
04/02/2021,6.2,5.26,4.09
05/02/2021,6.17,5.2,4.03
08/02/2021,6.2,5.28,4.06
09/02/2021,6.22,5.24,4.04
10/02/2021,6.24,5.26,4.02
11/02/2021,6.24,5.31,4.09
15/02/2021,6.25,5.31,4.02
16/02/2021,6.28,5.31,3.98
17/02/2021,6.37,5.47,3.98
18/02/2021,6.53,5.57,3.99
19/02/2021,6.6,5.57,3.99
22/02/2021,6.66,5.72,3.96
23/02/2021,6.65,5.78,3.96
24/02/2021,6.56,5.65,4.02
25/02/2021,6.54,5.63,3.92
26/02/2021,6.6,5.71,4
01/03/2021,6.59,5.69,3.99
02/03/2021,6.59,5.68,3.97
03/03/2021,6.57,5.67,3.94
04/03/2021,6.61,5.71,4.01
05/03/2021,6.63,5.71,3.94
08/03/2021,6.76,5.94,3.98
09/03/2021,6.82,6.04,3.94
10/03/2021,6.72,5.9,4.14
12/03/2021,6.73,5.87,3.91
15/03/2021,6.76,5.88,3.94
16/03/2021,6.75,5.88,3.92
17/03/2021,6.76,5.91,3.98
18/03/2021,6.75,5.92,4
19/03/2021,6.82,5.96,4.02
22/03/2021,6.81,5.96,4.03
23/03/2021,6.77,5.89,3.97
24/03/2021,6.74,5.87,3.93
25/03/2021,6.73,5.84,3.81
26/03/2021,6.75,5.86,3.85
29/03/2021,6.76,5.91,3.84
30/03/2021,6.79,5.91,3.82
31/03/2021,6.81,5.97,3.81
01/04/2021,6.76,5.89,3.79
05/04/2021,6.62,5.83,3.79
06/04/2021,6.67,5.84,3.74
07/04/2021,6.54,5.75,3.76
08/04/2021,6.46,5.68,3.74
09/04/2021,6.45,5.64,3.74
12/04/2021,6.51,5.72,3.73
13/04/2021,6.52,5.74,3.82
14/04/2021,6.57,5.82,3.93
15/04/2021,6.57,5.79,3.91
16/04/2021,6.51,5.71,3.88
19/04/2021,6.48,5.68,3.9
20/04/2021,6.43,5.66,3.91
21/04/2021,6.44,5.66,3.91
22/04/2021,6.45,5.66,3.9
23/04/2021,6.48,5.64,3.83
26/04/2021,6.44,5.65,3.83
27/04/2021,6.45,5.66,3.84
28/04/2021,6.5,5.71,3.82
29/04/2021,6.51,5.7,3.8
30/04/2021,6.48,5.67,3.79
03/05/2021,6.48,5.64,3.78
04/05/2021,6.45,5.63,3.79
05/05/2021,6.48,5.62,3.83
06/05/2021,6.46,5.65,3.78
07/05/2021,6.44,5.58,3.76
10/05/2021,6.4,5.57,3.69
11/05/2021,6.41,5.55,3.69
17/05/2021,6.44,5.57,3.68
18/05/2021,6.47,5.6,3.75
19/05/2021,6.5,5.61,3.77
20/05/2021,6.49,5.6,3.75
21/05/2021,6.52,5.61,3.79
24/05/2021,6.45,5.59,3.73
25/05/2021,6.44,5.57,3.69
26/05/2021,6.54,5.62,3.59
27/05/2021,6.45,5.57,3.65
28/05/2021,6.43,5.54,3.61
31/05/2021,6.45,5.53,3.57
02/06/2021,6.45,5.49,3.52
03/06/2021,6.45,5.48,3.5
04/06/2021,6.44,5.48,3.65
07/06/2021,6.44,5.47,3.58
08/06/2021,6.45,5.47,3.55
09/06/2021,6.44,5.46,3.52
10/06/2021,6.35,5.43,3.47
11/06/2021,6.43,5.39,3.52
14/06/2021,6.36,5.34,3.52
15/06/2021,6.42,5.41,3.53
16/06/2021,6.46,5.34,3.3
17/06/2021,6.48,5.37,3.22
18/06/2021,6.56,5.38,3.28
21/06/2021,6.56,5.38,3.42
22/06/2021,6.64,5.38,3.47
23/06/2021,6.63,5.41,3.43
24/06/2021,6.61,5.39,3.36
25/06/2021,6.53,5.37,3.39
28/06/2021,6.59,5.35,3.5
29/06/2021,6.61,5.39,3.51
30/06/2021,6.63,5.43,3.48
01/07/2021,6.61,5.46,3.47
02/07/2021,6.64,5.46,3.45
05/07/2021,6.64,5.44,3.37
06/07/2021,6.59,5.38,3.57
07/07/2021,6.55,5.38,3.48
08/07/2021,6.53,5.39,3.65
09/07/2021,6.55,5.4,3.63
12/07/2021,6.54,5.4,3.36
13/07/2021,6.52,5.38,3.35
14/07/2021,6.51,5.37,3.33
15/07/2021,6.45,5.35,3.24
16/07/2021,6.44,5.36,3.87
19/07/2021,6.34,5.31,3.85
21/07/2021,6.33,5.29,3.89
22/07/2021,6.31,5.27,3.79
23/07/2021,6.3,5.25,3.77
26/07/2021,6.31,5.26,3.74
27/07/2021,6.32,5.25,3.73
28/07/2021,6.31,5.23,3.72
29/07/2021,6.31,5.19,3.63
30/07/2021,6.31,5.17,3.61
02/08/2021,6.3,5.2,3.73
03/08/2021,6.28,5.18,3.66
04/08/2021,6.26,5.09,3.42
05/08/2021,6.27,5.12,3.22
06/08/2021,6.29,5.14,3.03
09/08/2021,6.34,5.19,3.06
10/08/2021,6.34,5.19,3.14
12/08/2021,6.34,5.21,3.04
13/08/2021,6.38,5.22,3.21
16/08/2021,6.35,5.22,3.21
18/08/2021,6.32,5.18,3.22
19/08/2021,6.33,5.15,3.06
20/08/2021,6.35,5.17,3.01
23/08/2021,6.38,5.19,2.99
24/08/2021,6.36,5.17,3.18
25/08/2021,6.24,5.11,3.15
26/08/2021,6.18,5.05,3.05
27/08/2021,6.17,5.1,3.02
30/08/2021,6.14,5.06,3.01
31/08/2021,6.08,5.04,2.98
01/09/2021,6.06,5.04,3
02/09/2021,6.11,5.04,2.9
03/09/2021,6.13,5.05,2.87
06/09/2021,6.09,5.05,2.85
07/09/2021,6.12,5.05,3.07
08/09/2021,6.15,5.07,3.03
09/09/2021,6.19,5.1,3.03
10/09/2021,6.16,5.05,3.04
13/09/2021,6.16,5.07,2.97
14/09/2021,6.17,5.07,3.16
15/09/2021,6.17,5.05,3.16
16/09/2021,6.16,5.07,3.22
17/09/2021,6.16,5.08,2.95
20/09/2021,6.18,5.09,3.17
21/09/2021,6.2,5.15,3.06
22/09/2021,6.21,5.19,3.11
23/09/2021,6.23,5.18,3.04
24/09/2021,6.24,5.2,3.09
27/09/2021,6.24,5.21,3.25
28/09/2021,6.31,5.22,2.99
29/09/2021,6.33,5.22,3.32
30/09/2021,6.35,5.23,3.29
01/10/2021,6.36,5.24,3.27
04/10/2021,6.33,5.22,3.2
05/10/2021,6.32,5.18,3.24
06/10/2021,6.31,5.18,3.22
07/10/2021,6.33,5.18,3.14
08/10/2021,6.35,5.21,3.19
11/10/2021,6.36,5.2,3.25
12/10/2021,6.37,5.19,3.23
13/10/2021,6.34,5.18,3.21
14/10/2021,6.29,5.13,3.17
15/10/2021,6.27,5.09,3.91
18/10/2021,6.21,5.1,3.85
19/10/2021,6.21,5.11,3.85
21/10/2021,6.21,5.12,3.84
22/10/2021,6.18,5.11,3.86
25/10/2021,6.17,5.1,3.83
26/10/2021,6.15,5.08,3.82
27/10/2021,6.15,5.07,3.83
28/10/2021,6.16,5.07,3.82
29/10/2021,6.17,5.08,3.84
01/11/2021,6.23,5.11,3.84
02/11/2021,6.24,5.1,3.86
03/11/2021,6.23,5.1,3.87
04/11/2021,6.23,5.09,3.84
05/11/2021,6.21,5.08,3.81
08/11/2021,6.18,5.07,3.84
09/11/2021,6.17,5.06,3.84
10/11/2021,6.16,5.06,3.86
11/11/2021,6.17,5.06,3.9
12/11/2021,6.2,5.1,3.87
15/11/2021,6.19,5.08,3.83
16/11/2021,6.2,5.06,3.82
17/11/2021,6.18,5.06,3.82
18/11/2021,6.19,5.04,3.85
19/11/2021,6.18,5.04,3.79
22/11/2021,6.19,5.04,3.79
23/11/2021,6.18,5.02,3.76
24/11/2021,6.19,5.03,3.76
25/11/2021,6.2,5.04,3.76
26/11/2021,6.23,5.03,3.75
29/11/2021,6.22,5.04,3.74
30/11/2021,6.27,5.08,3.74
01/12/2021,6.29,5.06,3.77
02/12/2021,6.38,5.11,3.85
03/12/2021,6.39,5.14,3.81
06/12/2021,6.42,5.17,3.83
07/12/2021,6.42,5.16,3.85
08/12/2021,6.38,5.14,3.88
09/12/2021,6.33,5.13,3.91
10/12/2021,6.31,5.15,3.92
13/12/2021,6.31,5.14,3.9
14/12/2021,6.33,5.16,3.86
15/12/2021,6.4,5.17,3.78
16/12/2021,6.42,5.21,3.79
17/12/2021,6.41,5.19,3.76
20/12/2021,6.44,5.22,3.76
21/12/2021,6.42,5.2,3.75
22/12/2021,6.4,5.17,3.74
23/12/2021,6.39,5.13,3.72
24/12/2021,6.37,5.1,3.71
27/12/2021,6.35,5.08,3.66
28/12/2021,6.35,5.08,3.66
29/12/2021,6.36,5.09,3.67
30/12/2021,6.38,5.1,3.67
31/12/2021,6.37,5.09,3.68
03/01/2022,6.37,5.09,3.64
04/01/2022,6.41,5.13,3.65
05/01/2022,6.31,5.06,3.74
06/01/2022,6.36,5.07,3.75
07/01/2022,6.42,5.13,3.69
10/01/2022,6.46,5.26,3.66
11/01/2022,6.45,5.27,3.61
12/01/2022,6.43,5.25,3.6
13/01/2022,6.41,5.22,3.57
14/01/2022,6.4,5.22,3.57
17/01/2022,6.39,5.22,3.53
18/01/2022,6.4,5.21,3.51
19/01/2022,6.41,5.21,3.56
20/01/2022,6.42,5.24,3.52
21/01/2022,6.43,5.23,3.57
24/01/2022,6.42,5.23,3.55
25/01/2022,6.41,5.23,3.52
26/01/2022,6.41,5.22,3.54
27/01/2022,6.44,5.24,3.52
28/01/2022,6.46,5.25,3.49
31/01/2022,6.45,5.25,3.47
02/02/2022,6.44,5.24,3.48
03/02/2022,6.44,5.24,3.48
04/02/2022,6.45,5.26,3.45
07/02/2022,6.49,5.29,3.46
08/02/2022,6.5,5.3,3.43
09/02/2022,6.5,5.3,3.42
10/02/2022,6.5,5.3,3.43
11/02/2022,6.5,5.3,3.39
14/02/2022,6.51,5.32,3.4
15/02/2022,6.51,5.34,3.41
16/02/2022,6.51,5.34,3.44
17/02/2022,6.51,5.34,3.46
18/02/2022,6.5,5.34,3.42
21/02/2022,6.49,5.34,3.41
22/02/2022,6.5,5.34,3.37
23/02/2022,6.5,5.34,3.38
24/02/2022,6.52,5.35,3.35
25/02/2022,6.51,5.35,3.39
01/03/2022,6.51,5.38,3.42
02/03/2022,6.55,5.4,3.36
04/03/2022,6.64,5.46,3.35
07/03/2022,6.71,5.53,3.37
08/03/2022,6.8,5.56,3.4
09/03/2022,6.8,5.61,3.46
10/03/2022,6.76,5.63,3.52
11/03/2022,6.73,5.6,3.43
14/03/2022,6.72,5.57,3.45
15/03/2022,6.73,5.58,3.43
16/03/2022,6.75,5.58,3.48
17/03/2022,6.74,5.6,3.43
18/03/2022,6.72,5.58,3.44
21/03/2022,6.72,5.6,3.45
22/03/2022,6.73,5.58,3.46
23/03/2022,6.74,5.64,3.62
24/03/2022,6.72,5.6,3.51
25/03/2022,6.71,5.6,3.56
28/03/2022,6.72,5.58,3.52
29/03/2022,6.76,5.61,3.55
30/03/2022,6.75,5.61,3.6
31/03/2022,6.75,5.64,3.59
01/04/2022,6.76,5.65,3.57
04/04/2022,6.75,5.65,3.65
05/04/2022,6.75,5.65,3.68
06/04/2022,6.78,5.66,3.69
07/04/2022,6.79,5.7,3.69
08/04/2022,6.79,5.7,3.72
11/04/2022,6.83,5.73,3.81
12/04/2022,6.88,5.79,3.88
13/04/2022,6.92,5.83,3.86
14/04/2022,6.92,5.86,3.95
18/04/2022,6.96,5.88,3.92
19/04/2022,6.98,5.96,3.97
20/04/2022,6.98,6,4.06
21/04/2022,6.98,6.07,4.1
22/04/2022,6.98,6.13,4.11
25/04/2022,7.04,6.19,4.23
26/04/2022,7.02,6.31,4.26
27/04/2022,7,6.32,4.45
28/04/2022,7,6.32,4.38
09/05/2022,7.17,6.49,4.65
10/05/2022,7.33,6.62,4.62
11/05/2022,7.42,6.83,4.75
12/05/2022,7.4,6.85,5
13/05/2022,7.38,6.83,4.96
17/05/2022,7.39,6.82,4.91
18/05/2022,7.34,6.78,4.81
19/05/2022,7.34,6.7,4.57
20/05/2022,7.28,6.61,4.33
23/05/2022,7.2,6.35,3.92
24/05/2022,7.22,6.27,3.91
25/05/2022,7.2,6.29,4.06
27/05/2022,7.14,6.23,4.07
30/05/2022,7.07,6.22,3.96
31/05/2022,7.05,6.16,3.99
02/06/2022,7.05,6.14,3.99
03/06/2022,7,6.07,3.89
06/06/2022,6.97,6.07,3.85
07/06/2022,7.03,6.08,3.87
08/06/2022,7.11,6.14,3.95
09/06/2022,7.19,6.21,3.95
10/06/2022,7.22,6.29,3.98
13/06/2022,7.29,6.44,3.99
14/06/2022,7.41,6.7,4.21
15/06/2022,7.44,6.67,4.24
16/06/2022,7.41,6.59,4.16
17/06/2022,7.47,6.62,4.56
20/06/2022,7.5,6.64,4.41
21/06/2022,7.51,6.78,4.5
22/06/2022,7.49,6.75,4.5
23/06/2022,7.43,6.61,4.49
24/06/2022,7.38,6.59,4.45
27/06/2022,7.32,6.54,4.47
28/06/2022,7.29,6.47,4.52
29/06/2022,7.29,6.23,4.48
30/06/2022,7.25,6.21,4.47
01/07/2022,7.24,6.14,4.48
04/07/2022,7.27,6.2,4.44
05/07/2022,7.3,6.2,4.47
06/07/2022,7.28,6.23,4.43
07/07/2022,7.28,6.24,4.38
08/07/2022,7.26,6.23,4.37
11/07/2022,7.29,6.24,4.35
12/07/2022,7.28,6.24,4.37
13/07/2022,7.24,6.26,4.36
14/07/2022,7.28,6.32,4.35
15/07/2022,7.37,6.43,4.44
18/07/2022,7.38,6.48,4.5
19/07/2022,7.42,6.57,4.6
20/07/2022,7.47,6.72,4.62
21/07/2022,7.48,6.77,4.67
22/07/2022,7.49,6.83,4.68
25/07/2022,7.44,6.8,4.7
26/07/2022,7.42,6.78,4.68
27/07/2022,7.41,6.76,4.67
28/07/2022,7.31,6.72,4.54
29/07/2022,7.2,6.63,4.57
01/08/2022,7.13,6.44,4.52
02/08/2022,7.16,6.44,4.5
03/08/2022,7.23,6.49,4.43
04/08/2022,7.22,6.5,4.4
05/08/2022,7.14,6.43,4.37
08/08/2022,7.1,6.42,4.36
09/08/2022,7.11,6.4,4.42
10/08/2022,7.1,6.47,4.3
11/08/2022,7.01,6.33,4.22
12/08/2022,6.97,6.29,4.2
15/08/2022,7.05,6.34,4.1
16/08/2022,7.07,6.41,4.28
18/08/2022,7.05,6.39,4.38
19/08/2022,7.09,6.42,4.35
22/08/2022,7.16,6.45,4.41
23/08/2022,7.16,6.6,4.24
24/08/2022,7.07,6.6,4.34
25/08/2022,7.06,6.61,4.39
26/08/2022,7.07,6.64,4.36
29/08/2022,7.14,6.69,4.57
30/08/2022,7.15,6.66,4.55
31/08/2022,7.12,6.62,4.52
01/09/2022,7.14,6.65,4.42
02/09/2022,7.14,6.64,4.44
05/09/2022,7.16,6.72,4.47
06/09/2022,7.18,6.74,4.46
07/09/2022,7.2,6.78,4.42
08/09/2022,7.21,6.76,4.37
09/09/2022,7.18,6.62,4.44
12/09/2022,7.17,6.58,4.32
13/09/2022,7.12,6.51,4.26
14/09/2022,7.12,6.51,4.25
15/09/2022,7.17,6.56,4.16
16/09/2022,7.21,6.67,4.16
19/09/2022,7.21,6.69,4.3
20/09/2022,7.2,6.68,4.57
21/09/2022,7.2,6.67,4.38
22/09/2022,7.23,6.74,4.47
23/09/2022,7.27,6.81,4.47
26/09/2022,7.34,6.88,4.7
27/09/2022,7.4,6.93,4.79
28/09/2022,7.41,6.84,4.66
29/09/2022,7.39,6.77,5.07
30/09/2022,7.38,6.74,5.38
03/10/2022,7.36,6.73,5.77
04/10/2022,7.29,6.72,5.79
05/10/2022,7.2,6.65,5.89
06/10/2022,7.22,6.7,5.84
07/10/2022,7.24,6.71,5.9
10/10/2022,7.28,6.75,5.77
11/10/2022,7.33,6.81,5.7
12/10/2022,7.35,6.86,5.68
13/10/2022,7.36,6.92,5.66
14/10/2022,7.34,6.86,5.69
17/10/2022,7.41,7,5.57
18/10/2022,7.44,7.06,5.62
19/10/2022,7.44,7.08,5.56
20/10/2022,7.51,7.17,5.54
21/10/2022,7.56,7.23,5.6
24/10/2022,7.65,7.37,5.57
25/10/2022,7.65,7.38,5.56
26/10/2022,7.64,7.34,5.56
27/10/2022,7.57,7.31,5.54
28/10/2022,7.58,7.25,5.51
31/10/2022,7.54,7.19,5.55
01/11/2022,7.54,7.18,5.58
02/11/2022,7.46,7.08,5.56
03/11/2022,7.44,7.04,5.51
04/11/2022,7.48,7.15,5.54
07/11/2022,7.47,7.18,5.54
08/11/2022,7.46,7.18,5.52
09/11/2022,7.32,7.17,5.5
10/11/2022,7.32,7.16,5.44
11/11/2022,7.2,7.1,5.34
14/11/2022,7.1,6.98,5.32
15/11/2022,7.04,6.94,5.23
16/11/2022,7,6.77,5.27
17/11/2022,7.02,6.82,6.42
18/11/2022,7.05,6.88,6.39
21/11/2022,7.07,6.87,6.46
22/11/2022,7.06,6.87,6.43
23/11/2022,7.03,6.76,6.39
24/11/2022,6.99,6.68,6.31
25/11/2022,6.94,6.61,6.22
28/11/2022,6.97,6.52,6.27
29/11/2022,6.98,6.48,6.31
30/11/2022,6.95,6.41,6.12
01/12/2022,6.86,6.24,6.04
02/12/2022,6.84,6.19,5.85
05/12/2022,6.89,6.17,5.98
06/12/2022,6.92,6.19,6.04
07/12/2022,7.02,6.21,6.02
08/12/2022,6.95,6.19,6.01
09/12/2022,6.96,6.21,5.92
12/12/2022,6.95,6.21,5.9
13/12/2022,6.95,6.2,5.88
14/12/2022,6.92,6.2,5.85
15/12/2022,6.86,6.14,5.82
16/12/2022,6.9,6.17,5.77
19/12/2022,6.88,6.16,5.78
20/12/2022,6.91,6.17,5.84
21/12/2022,6.93,6.17,5.84
22/12/2022,6.92,6.18,5.68
23/12/2022,6.92,6.19,5.7
26/12/2022,6.91,6.19,5.63
27/12/2022,6.91,6.2,5.63
28/12/2022,6.92,6.19,5.67
29/12/2022,6.9,6.2,5.65
30/12/2022,6.93,6.18,5.62
02/01/2023,6.92,6.2,5.63
03/01/2023,7.05,6.66,5.62
04/01/2023,7.03,6.63,5.69
05/01/2023,7,6.62,5.61
06/01/2023,6.97,6.62,5.64
09/01/2023,6.94,6.59,5.75
10/01/2023,6.86,6.53,5.71
11/01/2023,6.81,6.48,5.76
12/01/2023,6.73,6.45,5.73
13/01/2023,6.7,6.41,5.67
16/01/2023,6.74,6.47,5.7
17/01/2023,6.78,6.49,5.7
18/01/2023,6.72,6.42,5.74
19/01/2023,6.68,6.4,5.71
20/01/2023,6.63,6.37,5.71
23/01/2023,6.72,6.44,5.7
24/01/2023,6.62,6.37,5.87
25/01/2023,6.66,6.38,5.92
26/01/2023,6.68,6.42,6.01
27/01/2023,6.73,6.43,6.01
30/01/2023,6.76,6.45,6.03
31/01/2023,6.71,6.33,6.07
01/02/2023,6.65,6.32,5.96
02/02/2023,6.63,6.31,6
03/02/2023,6.57,6.26,5.92
06/02/2023,6.66,6.35,5.91
07/02/2023,6.72,6.39,5.99
08/02/2023,6.71,6.36,6
09/02/2023,6.63,6.3,5.97
10/02/2023,6.67,6.33,6.04
13/02/2023,6.73,6.4,6
14/02/2023,6.72,6.38,6.08
15/02/2023,6.76,6.39,6.1
16/02/2023,6.75,6.43,6.09
17/02/2023,6.73,6.38,6.08
20/02/2023,6.72,6.38,6.21
21/02/2023,6.73,6.39,6.2
22/02/2023,6.77,6.46,6.24
23/02/2023,6.8,6.5,6.36
24/02/2023,6.79,6.47,6.34
27/02/2023,6.84,6.55,6.25
28/02/2023,6.89,6.59,6.24
01/03/2023,6.89,6.61,6.36
02/03/2023,6.94,6.6,6.47
03/03/2023,6.98,6.58,6.34
06/03/2023,6.96,6.53,6.33
07/03/2023,6.97,6.58,6.36
08/03/2023,6.99,6.56,6.36
09/03/2023,7.04,6.6,6.34
10/03/2023,6.96,6.57,6.48
13/03/2023,6.89,6.53,6.27
14/03/2023,6.79,6.45,6.22
15/03/2023,6.76,6.42,6.25
16/03/2023,6.82,6.45,6.21
17/03/2023,6.95,6.52,6.28
20/03/2023,6.89,6.48,6.23
21/03/2023,6.9,6.51,6.21
22/03/2023,6.99,6.57,6.15
24/03/2023,6.84,6.48,6.17
27/03/2023,6.8,6.41,6.08
28/03/2023,6.8,6.4,5.91
29/03/2023,6.83,6.44,6.03
30/03/2023,6.84,6.44,5.94
31/03/2023,6.82,6.43,5.94
03/04/2023,6.79,6.37,5.93
04/04/2023,6.75,6.36,6
05/04/2023,6.71,6.35,6.05
06/04/2023,6.68,6.35,6.11
07/04/2023,6.75,6.42,6.06
10/04/2023,6.7,6.39,6.25
11/04/2023,6.67,6.37,6.21
12/04/2023,6.64,6.35,6.15
13/04/2023,6.64,6.34,6.14
14/04/2023,6.64,6.37,6.18
17/04/2023,6.64,6.36,6.18
18/04/2023,6.67,6.4,6.2
19/04/2023,6.75,6.46,6.16
26/04/2023,6.58,6.34,6.2
27/04/2023,6.53,6.29,6.12
28/04/2023,6.54,6.28,6.05
02/05/2023,6.52,6.25,6.03
03/05/2023,6.53,6.24,6.02
04/05/2023,6.44,6.19,6.02
05/05/2023,6.44,6.18,6.11
08/05/2023,6.47,6.22,6.11
09/05/2023,6.48,6.21,6.1
10/05/2023,6.47,6.2,6.21
11/05/2023,6.43,6.14,6.05
12/05/2023,6.41,6.12,6.01
15/05/2023,6.42,6.11,6.01
16/05/2023,6.4,6.07,5.91
17/05/2023,6.37,6.06,5.79
18/05/2023,6.44,6.13,5.81
19/05/2023,6.43,6.13,5.95
22/05/2023,6.45,6.15,6.03
23/05/2023,6.43,6.13,5.88
24/05/2023,6.42,6.08,5.86
25/05/2023,6.41,6.07,5.77
26/05/2023,6.44,6.1,5.81
29/05/2023,6.41,6.07,5.83
30/05/2023,6.39,6.06,5.82
31/05/2023,6.39,6.06,5.81
01/06/2023,6.46,6.1,5.72
05/06/2023,6.4,6.07,5.81
06/06/2023,6.36,6.02,5.65
07/06/2023,6.35,6.03,5.83
08/06/2023,6.37,6.01,5.75
09/06/2023,6.34,5.96,5.74
12/06/2023,6.31,5.93,5.68
13/06/2023,6.3,5.93,5.73
14/06/2023,6.26,5.9,5.68
15/06/2023,6.28,5.9,5.66
16/06/2023,6.31,5.91,5.78
19/06/2023,6.31,5.9,5.71
20/06/2023,6.35,5.95,5.89
21/06/2023,6.32,5.97,5.92
22/06/2023,6.3,5.98,5.9
23/06/2023,6.31,5.96,5.9
26/06/2023,6.29,5.92,5.8
27/06/2023,6.26,5.91,5.82
28/06/2023,6.33,5.97,5.81
03/07/2023,6.23,5.86,5.92
04/07/2023,6.23,5.9,5.93
05/07/2023,6.19,5.91,5.96
06/07/2023,6.21,5.92,6.09
07/07/2023,6.25,5.98,6.11
10/07/2023,6.26,6.01,6.01
11/07/2023,6.25,6.02,6.04
12/07/2023,6.2,5.91,6
13/07/2023,6.2,5.9,6.05
14/07/2023,6.19,5.87,6.01
17/07/2023,6.2,5.89,5.86
18/07/2023,6.21,5.88,5.98
20/07/2023,6.23,5.88,5.96
21/07/2023,6.24,5.92,5.96
24/07/2023,6.25,5.92,5.97
25/07/2023,6.23,5.93,5.9
26/07/2023,6.26,5.96,5.84
27/07/2023,6.26,5.97,5.91
28/07/2023,6.27,5.99,5.9
31/07/2023,6.27,6.01,5.8
01/08/2023,6.27,6.01,5.99
02/08/2023,6.27,5.99,5.84
03/08/2023,6.29,5.98,5.81
04/08/2023,6.34,6.05,5.78
07/08/2023,6.35,6.07,5.89
08/08/2023,6.36,6.07,6.04
09/08/2023,6.34,6.06,5.96
10/08/2023,6.33,6.05,5.97
11/08/2023,6.33,6.05,5.95
14/08/2023,6.37,6.07,5.95
15/08/2023,6.41,6.1,5.93
16/08/2023,6.44,6.14,5.96
17/08/2023,6.52,6.22,5.83
18/08/2023,6.49,6.19,5.92
21/08/2023,6.58,6.24,6.02
22/08/2023,6.68,6.34,6.29
23/08/2023,6.61,6.34,6.27
24/08/2023,6.57,6.34,6.35
25/08/2023,6.53,6.38,6.35
28/08/2023,6.47,6.32,6.23
29/08/2023,6.39,6.31,6.46
30/08/2023,6.37,6.29,6.45
31/08/2023,6.38,6.2,6.37
01/09/2023,6.38,6.14,6.5
04/09/2023,6.38,6.09,6.23
05/09/2023,6.45,6.13,6.49
06/09/2023,6.52,6.19,6.38
07/09/2023,6.56,6.23,6.41
08/09/2023,6.56,6.23,6.45
11/09/2023,6.6,6.24,6.39
12/09/2023,6.65,6.31,6.45
13/09/2023,6.68,6.34,6.44
14/09/2023,6.64,6.3,6.43
15/09/2023,6.69,6.33,6.45
18/09/2023,6.72,6.37,6.38
19/09/2023,6.75,6.39,6.46
20/09/2023,6.77,6.45,6.46
21/09/2023,6.8,6.43,6.41
22/09/2023,6.74,6.4,6.35
25/09/2023,6.74,6.4,6.26
26/09/2023,6.85,6.46,6.4
27/09/2023,6.89,6.53,6.33
28/09/2023,6.99,6.6,6.15
29/09/2023,6.91,6.52,6.23
02/10/2023,6.97,6.61,6.19
03/10/2023,7.03,6.71,6.17
04/10/2023,7.08,6.78,6.16
05/10/2023,7.04,6.87,6.24
06/10/2023,7.01,6.81,6.26
09/10/2023,7,6.79,6.22
10/10/2023,6.94,6.77,6.24
11/10/2023,6.83,6.74,6.25
12/10/2023,6.77,6.61,6.21
13/10/2023,6.78,6.63,6.26
16/10/2023,6.76,6.6,6.23
17/10/2023,6.81,6.64,6.24
18/10/2023,6.83,6.72,6.29
19/10/2023,7.02,6.78,6.29
20/10/2023,7.16,6.95,6.25
23/10/2023,7.26,7.15,6.26
24/10/2023,7.25,7.24,6.31
25/10/2023,7.19,7.13,6.24
26/10/2023,7.2,7.13,6.26
27/10/2023,7.16,7.13,6.27
30/10/2023,7.12,7.09,6.27
31/10/2023,7.07,7.05,6.24
01/11/2023,7.05,7.03,6.39
02/11/2023,6.97,6.91,6.48
03/11/2023,6.88,6.86,6.45
06/11/2023,6.69,6.65,6.27
07/11/2023,6.72,6.66,6.76
08/11/2023,6.75,6.68,6.81
09/11/2023,6.74,6.69,6.76
10/11/2023,6.77,6.77,6.85
13/11/2023,6.9,6.81,6.8
14/11/2023,6.95,6.83,6.97
15/11/2023,6.8,6.77,6.95
16/11/2023,6.74,6.71,6.93
17/11/2023,6.64,6.66,6.76
20/11/2023,6.64,6.65,6.49
21/11/2023,6.66,6.64,6.51
22/11/2023,6.65,6.65,6.56
23/11/2023,6.64,6.66,6.6
24/11/2023,6.67,6.67,6.58
27/11/2023,6.73,6.71,6.62
28/11/2023,6.72,6.7,6.6
29/11/2023,6.63,6.63,6.61
30/11/2023,6.62,6.62,6.58
01/12/2023,6.6,6.59,6.57
04/12/2023,6.61,6.55,6.48
05/12/2023,6.6,6.55,6.56
06/12/2023,6.59,6.54,6.53
07/12/2023,6.58,6.53,6.51
08/12/2023,6.59,6.54,6.57
11/12/2023,6.61,6.57,6.56
12/12/2023,6.69,6.61,6.55
13/12/2023,6.74,6.61,6.46
14/12/2023,6.71,6.57,6.53
15/12/2023,6.64,6.5,6.38
18/12/2023,6.55,6.52,6.55
19/12/2023,6.51,6.54,6.52
20/12/2023,6.5,6.53,6.55
21/12/2023,6.49,6.49,6.56
22/12/2023,6.5,6.51,6.58
25/12/2023,6.58,6.54,6.63
27/12/2023,6.5,6.51,6.56
28/12/2023,6.49,6.48,6.5
29/12/2023,6.48,6.44,6.5
01/01/2024,6.55,6.51,6.62
02/01/2024,6.52,6.51,6.55
03/01/2024,6.62,6.55,6.5
04/01/2024,6.62,6.55,6.52
05/01/2024,6.65,6.58,6.49
08/01/2024,6.72,6.62,6.43
09/01/2024,6.73,6.62,6.42
10/01/2024,6.73,6.6,6.42
11/01/2024,6.65,6.55,6.48
12/01/2024,6.66,6.53,6.38
15/01/2024,6.67,6.51,6.37
16/01/2024,6.67,6.51,6.36
17/01/2024,6.71,6.52,6.36
18/01/2024,6.67,6.49,6.36
19/01/2024,6.6,6.46,6.35
22/01/2024,6.59,6.45,6.36
23/01/2024,6.6,6.45,6.34
24/01/2024,6.62,6.48,6.33
25/01/2024,6.64,6.52,6.31
26/01/2024,6.64,6.56,6.32
29/01/2024,6.63,6.53,6.31
30/01/2024,6.61,6.52,6.32
31/01/2024,6.59,6.5,6.31
01/02/2024,6.55,6.45,6.31
02/02/2024,6.52,6.42,6.3
05/02/2024,6.62,6.55,6.36
06/02/2024,6.61,6.51,6.3
07/02/2024,6.62,6.51,6.3
12/02/2024,6.63,6.51,6.3
13/02/2024,6.64,6.53,6.35
15/02/2024,6.62,6.53,6.42
16/02/2024,6.62,6.52,6.4
19/02/2024,6.61,6.5,6.37
20/02/2024,6.61,6.51,6.41
21/02/2024,6.6,6.49,6.43
22/02/2024,6.54,6.5,6.43
23/02/2024,6.56,6.49,6.44
26/02/2024,6.57,6.52,6.42
27/02/2024,6.59,6.48,6.42
28/02/2024,6.6,6.47,6.42
29/02/2024,6.61,6.47,6.43
01/03/2024,6.63,6.49,6.42
04/03/2024,6.65,6.5,6.44
05/03/2024,6.65,6.5,6.45
06/03/2024,6.64,6.49,6.44
07/03/2024,6.64,6.51,6.44
08/03/2024,6.63,6.47,6.43
13/03/2024,6.64,6.51,6.43
14/03/2024,6.64,6.52,6.42
15/03/2024,6.65,6.56,6.42
18/03/2024,6.65,6.52,6.41
19/03/2024,6.64,6.53,6.41
20/03/2024,6.67,6.51,6.38
21/03/2024,6.63,6.52,6.34
22/03/2024,6.66,6.53,6.32
25/03/2024,6.66,6.54,6.31
26/03/2024,6.71,6.62,6.3
27/03/2024,6.73,6.63,6.35
28/03/2024,6.69,6.61,6.38
01/04/2024,6.7,6.58,6.4
02/04/2024,6.7,6.6,6.41
03/04/2024,6.69,6.61,6.4
04/04/2024,6.68,6.57,6.4
05/04/2024,6.64,6.57,6.41
16/04/2024,6.94,6.89,6.4
17/04/2024,6.98,6.94,6.83
18/04/2024,6.91,6.91,6.78
19/04/2024,7.04,7.02,6.95
22/04/2024,7.08,7.03,7.04
23/04/2024,7.05,7.03,6.95
24/04/2024,7.08,7.03,7.17
25/04/2024,7.12,7.07,7.17
26/04/2024,7.21,7.11,7.27
29/04/2024,7.24,7.13,7.29
30/04/2024,7.27,7.15,7.2
02/05/2024,7.15,7.04,7.16
03/05/2024,6.99,6.96,7.02
06/05/2024,6.88,6.88,6.92
07/05/2024,6.94,6.94,6.88
08/05/2024,6.97,6.92,6.93
13/05/2024,7.04,6.95,6.88
14/05/2024,6.97,7.02,6.83
15/05/2024,6.93,6.95,6.74
16/05/2024,6.76,6.8,6.49
17/05/2024,6.8,6.85,6.51
20/05/2024,6.88,6.87,6.54
21/05/2024,6.88,6.86,6.59
22/05/2024,6.84,6.88,6.59
27/05/2024,6.89,6.88,6.7
28/05/2024,6.9,6.87,6.6
29/05/2024,6.93,6.91,6.65
30/05/2024,6.95,6.92,6.7
31/05/2024,6.93,6.9,6.58
03/06/2024,6.91,6.89,6.6
04/06/2024,6.88,6.82,6.6
05/06/2024,6.93,6.85,6.62
06/06/2024,6.92,6.87,6.71
07/06/2024,6.91,6.85,6.59
10/06/2024,6.98,6.94,6.62
11/06/2024,7.02,6.96,6.71
12/06/2024,7.02,6.96,6.66
13/06/2024,6.96,6.95,6.66
14/06/2024,7.14,7.11,6.92
19/06/2024,7.09,7,6.96
20/06/2024,7.14,7.04,6.71
21/06/2024,7.12,7.02,6.72
24/06/2024,7.1,7.01,6.75
25/06/2024,7.07,6.95,6.69
26/06/2024,7.08,6.95,6.66
27/06/2024,7.09,6.98,6.72
28/06/2024,7.05,6.93,6.64
01/07/2024,7.07,6.95,6.66
02/07/2024,7.11,6.98,6.66
03/07/2024,7.09,6.98,6.71
04/07/2024,7.07,6.95,6.69
05/07/2024,7.05,6.94,6.69
08/07/2024,7.03,6.92,6.7
09/07/2024,7.05,6.91,6.72
10/07/2024,7.02,6.88,6.74
11/07/2024,6.98,6.89,6.72
12/07/2024,6.93,6.82,6.71
15/07/2024,6.96,6.86,6.72
16/07/2024,6.93,6.84,6.75
17/07/2024,6.9,6.8,6.67
18/07/2024,6.9,6.81,6.69
19/07/2024,6.95,6.83,6.7
22/07/2024,6.99,6.88,6.7
23/07/2024,7,6.85,6.68
24/07/2024,6.99,6.82,6.66
25/07/2024,6.97,6.78,6.59
26/07/2024,6.96,6.81,6.57
29/07/2024,6.91,6.75,6.59
30/07/2024,6.92,6.74,6.59
31/07/2024,6.89,6.72,6.55
01/08/2024,6.84,6.71,6.55
02/08/2024,6.84,6.69,6.49
05/08/2024,6.81,6.64,6.51
06/08/2024,6.82,6.67,6.49
07/08/2024,6.81,6.67,6.48
08/08/2024,6.78,6.62,6.5
09/08/2024,6.77,6.63,6.49
12/08/2024,6.8,6.66,6.49
13/08/2024,6.78,6.62,6.47
14/08/2024,6.74,6.6,6.47
15/08/2024,6.71,6.56,6.48
16/08/2024,6.71,6.58,6.49
19/08/2024,6.69,6.53,6.49
20/08/2024,6.63,6.51,6.48
21/08/2024,6.61,6.5,6.48
22/08/2024,6.67,6.53,6.47
23/08/2024,6.63,6.51,6.47
26/08/2024,6.6,6.5,6.47
27/08/2024,6.63,6.52,6.45
28/08/2024,6.62,6.51,6.46
29/08/2024,6.62,6.51,6.41
30/08/2024,6.63,6.51,6.42
02/09/2024,6.64,6.57,6.45
03/09/2024,6.66,6.56,6.45
04/09/2024,6.67,6.57,6.45
05/09/2024,6.62,6.54,6.44
06/09/2024,6.6,6.49,6.44
09/09/2024,6.61,6.49,6.43
10/09/2024,6.62,6.49,6.45
11/09/2024,6.58,6.49,6.42
12/09/2024,6.59,6.51,6.43
13/09/2024,6.56,6.42,6.41
17/09/2024,6.56,6.43,6.39
18/09/2024,6.55,6.38,6.33
19/09/2024,6.48,6.24,6.36
20/09/2024,6.43,6.17,6.12
23/09/2024,6.45,6.18,6.37
24/09/2024,6.44,6.2,6.15
25/09/2024,6.44,6.19,6.33
26/09/2024,6.47,6.19,6.04
27/09/2024,6.45,6.14,6.08
30/09/2024,6.46,6.17,6.16
01/10/2024,6.46,6.19,6.17
02/10/2024,6.5,6.32,6.16
03/10/2024,6.52,6.36,6.15
04/10/2024,6.64,6.4,6.16
07/10/2024,6.79,6.61,6.18
08/10/2024,6.72,6.5,6.17
09/10/2024,6.68,6.43,6.26
10/10/2024,6.68,6.44,6.16
11/10/2024,6.69,6.42,6.16
14/10/2024,6.69,6.42,6.18
15/10/2024,6.71,6.42,6.16
16/10/2024,6.67,6.42,6.15
17/10/2024,6.67,6.41,6.2
18/10/2024,6.65,6.43,6.11
21/10/2024,6.64,6.4,6.1
22/10/2024,6.74,6.54,6.11
23/10/2024,6.81,6.6,6.2
24/10/2024,6.77,6.59,6.17
25/10/2024,6.76,6.59,6.15
28/10/2024,6.84,6.66,6.29
29/10/2024,6.86,6.75,6.21
30/10/2024,6.83,6.71,6.11
31/10/2024,6.78,6.69,6.09
01/11/2024,6.77,6.74,6.07
04/11/2024,6.77,6.68,6.01
05/11/2024,6.74,6.69,6.46
06/11/2024,6.77,6.75,6.51
07/11/2024,6.78,6.75,6.41
08/11/2024,6.73,6.57,6.46
11/11/2024,6.75,6.52,6.41
12/11/2024,6.87,6.59,6.44
13/11/2024,6.91,6.69,6.48
14/11/2024,6.94,6.71,6.45
15/11/2024,6.9,6.73,6.43
18/11/2024,6.9,6.74,6.64
19/11/2024,6.91,6.72,6.65
20/11/2024,6.89,6.71,6.68
21/11/2024,6.91,6.73,6.69
22/11/2024,6.91,6.74,6.69
25/11/2024,6.9,6.77,6.76
26/11/2024,6.92,6.87,6.77
28/11/2024,6.9,6.82,6.81
29/11/2024,6.87,6.81,6.69
02/12/2024,6.89,6.76,6.71
03/12/2024,6.89,6.79,6.71
04/12/2024,6.91,6.85,6.73
05/12/2024,6.91,6.86,6.81
06/12/2024,6.92,6.86,6.83
09/12/2024,6.92,6.87,6.79
10/12/2024,6.92,6.87,6.83
11/12/2024,6.95,6.9,6.95
12/12/2024,6.99,6.89,6.97
13/12/2024,7.06,6.89,6.99
16/12/2024,7.07,6.92,6.96
17/12/2024,7.06,6.94,6.93
18/12/2024,7.07,6.96,6.93
19/12/2024,7.11,7.03,6.94
20/12/2024,7.06,7.1,7
23/12/2024,7.05,7.09,7.07
24/12/2024,7.04,7.04,7.06
27/12/2024,7.03,7.02,7.11
30/12/2024,7.03,7.04,7.12
31/12/2024,7.02,7.03,7.13
02/01/2025,7.01,7.05,7.07
03/01/2025,7.04,6.97,7.06
06/01/2025,7.07,7,7.03
07/01/2025,7.12,7.01,6.99
08/01/2025,7.19,7.09,7.09
09/01/2025,7.23,7.14,7.01
10/01/2025,7.17,7.09,7.01
13/01/2025,7.3,7.2,7.01
14/01/2025,7.3,7.19,7.06
15/01/2025,7.24,7.01,7.02
16/01/2025,7.16,7.01,7.03
17/01/2025,7.15,6.93,6.97
20/01/2025,7.17,6.95,6.97
21/01/2025,7.12,6.9,6.97
22/01/2025,7.1,6.9,6.97
23/01/2025,7.07,6.9,7.12
24/01/2025,6.96,6.78,7.08
30/01/2025,6.97,6.85,7.07
31/01/2025,6.98,6.85,6.75
03/02/2025,7.06,6.92,6.75
04/02/2025,7.03,6.86,6.71
05/02/2025,6.92,6.69,6.79
06/02/2025,6.89,6.68,6.7
07/02/2025,6.89,6.65,6.67
10/02/2025,6.83,6.6,6.69
11/02/2025,6.81,6.6,6.58
12/02/2025,6.83,6.62,6.54
13/02/2025,6.84,6.64,6.54
14/02/2025,6.75,6.57,6.54
17/02/2025,6.83,6.57,6.51
18/02/2025,6.76,6.52,6.46
19/02/2025,6.85,6.58,6.46
20/02/2025,6.77,6.55,6.37
21/02/2025,6.79,6.56,6.37
24/02/2025,6.78,6.54,6.37
25/02/2025,6.86,6.69,6.37
26/02/2025,6.85,6.67,6.42
27/02/2025,6.93,6.78,6.4
28/02/2025,6.93,6.76,6.5
03/03/2025,6.87,6.72,6.41
04/03/2025,6.87,6.61,6.27
05/03/2025,6.85,6.59,6.28
06/03/2025,6.88,6.67,6.27
07/03/2025,6.86,6.66,6.27
10/03/2025,6.87,6.68,6.31
11/03/2025,6.9,6.69,6.31
12/03/2025,6.92,6.7,6.32
13/03/2025,6.94,6.71,6.27
14/03/2025,6.96,6.68,6.31
17/03/2025,6.98,6.67,6.35
18/03/2025,7.02,6.69,6.37
19/03/2025,7.07,6.72,6.38
20/03/2025,7.09,6.78,6.39
21/03/2025,7.18,6.87,6.39
24/03/2025,7.17,6.89,6.39
25/03/2025,7.2,6.97,6.47
26/03/2025,7.09,6.8,6.46
27/03/2025,6.96,6.76,6.46
08/04/2025,7.06,6.8,6.64
09/04/2025,7.12,6.9,6.68
10/04/2025,7.02,6.82,6.63
11/04/2025,7.04,6.85,6.75
14/04/2025,7.01,6.82,6.62
15/04/2025,6.96,6.8,6.62
16/04/2025,6.92,6.79,6.55
17/04/2025,6.92,6.79,6.56
21/04/2025,6.95,6.8,6.71
22/04/2025,6.98,6.72,6.56
23/04/2025,6.94,6.66,6.57
24/04/2025,6.93,6.65,6.57
25/04/2025,6.91,6.59,6.24
28/04/2025,6.89,6.59,6.23
29/04/2025,6.87,6.69,6.2
30/04/2025,6.83,6.65,6.22
02/05/2025,6.85,6.6,6.23
05/05/2025,6.85,6.62,6.24
06/05/2025,6.86,6.55,6.26
07/05/2025,6.83,6.54,6.25
08/05/2025,6.85,6.55,6.26
09/05/2025,6.83,6.54,6.25
14/05/2025,6.89,6.6,6.27
15/05/2025,6.91,6.59,6.29
16/05/2025,6.86,6.5,6.26
19/05/2025,6.86,6.5,6.26
20/05/2025,6.83,6.44,6.27
21/05/2025,6.81,6.44,6.26
22/05/2025,6.83,6.47,6.26
23/05/2025,6.81,6.41,6.27
26/05/2025,6.81,6.4,6.28
27/05/2025,6.81,6.42,6.28
28/05/2025,6.82,6.42,6.18
02/06/2025,6.83,6.42,6.19
03/06/2025,6.81,6.41,6.19
04/06/2025,6.8,6.41,6.19
05/06/2025,6.74,6.37,6.19
10/06/2025,6.75,6.31,6.2
11/06/2025,6.72,6.3,6.2
12/06/2025,6.67,6.27,6.21
13/06/2025,6.69,6.32,6.21
16/06/2025,6.7,6.32,5.93
17/06/2025,6.71,6.32,6.04
18/06/2025,6.71,6.34,6.03
19/06/2025,6.73,6.39,5.92
20/06/2025,6.74,6.42,5.93
23/06/2025,6.81,6.46,5.98
24/06/2025,6.7,6.33,5.98
25/06/2025,6.68,6.32,5.96
26/06/2025,6.63,6.29,5.95
30/06/2025,6.62,6.3,5.92
01/07/2025,6.58,6.26,5.91
02/07/2025,6.6,6.22,5.91
03/07/2025,6.59,6.22,5.89
04/07/2025,6.6,6.19,5.89
07/07/2025,6.59,6.21,5.93
08/07/2025,6.58,6.21,5.93
09/07/2025,6.59,6.19,5.93
10/07/2025,6.59,6.17,5.91
11/07/2025,6.58,6.2,5.91
14/07/2025,6.58,6.19,5.93
15/07/2025,6.56,6.14,5.86
16/07/2025,6.57,6.15,5.85
17/07/2025,6.59,6.18,5.84
18/07/2025,6.55,6.15,5.84
21/07/2025,6.52,6.1,5.84
22/07/2025,6.48,6.05,5.83
23/07/2025,6.49,6.05,5.83
24/07/2025,6.51,6.07,5.71
25/07/2025,6.52,6.12,5.71
28/07/2025,6.54,6.13,5.71
29/07/2025,6.55,6.13,5.7
30/07/2025,6.55,6.12,5.69
31/07/2025,6.55,6.14,5.68
01/08/2025,6.58,6.2,5.67
04/08/2025,6.47,6.11,5.74
05/08/2025,6.47,6.11,5.74
06/08/2025,6.47,6.1,5.74
07/08/2025,6.44,6.04,5.72
08/08/2025,6.42,6.04,5.72
11/08/2025,6.44,6.03,5.72
12/08/2025,6.43,6.03,5.68
13/08/2025,6.43,6.03,5.59
14/08/2025,6.4,6,5.44
15/08/2025,6.39,6.01,5.43
19/08/2025,6.39,6.12,5.44
20/08/2025,6.43,6.12,5.43
21/08/2025,6.34,5.81,5.41
22/08/2025,6.37,5.83,5.4
25/08/2025,6.33,5.79,5.37
26/08/2025,6.35,5.79,5.36
27/08/2025,6.34,5.67,5.36
28/08/2025,6.3,5.64,5.31
29/08/2025,6.32,5.7,5.3
01/09/2025,6.34,5.78,5.35
02/09/2025,6.36,5.78,5.34
04/09/2025,6.4,5.76,5.31
08/09/2025,6.42,5.83,5.22
09/09/2025,6.46,5.86,5.2
10/09/2025,6.43,5.86,5.22
11/09/2025,6.42,5.72,5.2
12/09/2025,6.32,5.61,5.18
15/09/2025,6.34,5.62,5.17
16/09/2025,6.33,5.56,5.16
17/09/2025,6.34,5.56,5.17
18/09/2025,6.31,5.56,5.13
19/09/2025,6.32,5.46,4.9
22/09/2025,6.33,5.56,5.18
23/09/2025,6.35,5.56,5.17
24/09/2025,6.4,5.54,5.04
25/09/2025,6.43,5.54,5.01
26/09/2025,6.43,5.57,5.06
29/09/2025,6.35,5.48,5.05
30/09/2025,6.34,5.51,5.09
01/10/2025,6.32,5.51,5.04
02/10/2025,6.33,5.45,4.99
03/10/2025,6.33,5.45,4.99
06/10/2025,6.32,5.44,4.98
07/10/2025,6.27,5.45,4.95
08/10/2025,6.13,5.41,4.95
09/10/2025,6.27,5.34,5
10/10/2025,6.14,5.35,4.9
13/10/2025,6.12,5.39,4.98
14/10/2025,6.06,5.35,4.89
15/10/2025,6.02,5.33,4.89
16/10/2025,5.92,5.32,4.91
17/10/2025,5.93,5.32,4.92
20/10/2025,5.95,5.38,4.89
21/10/2025,5.96,5.38,4.87
22/10/2025,5.99,5.37,4.87
23/10/2025,5.99,5.4,4.84
24/10/2025,5.99,5.41,4.86
27/10/2025,6.01,5.41,4.81
28/10/2025,6,5.41,4.84
29/10/2025,6,5.42,4.8
30/10/2025,6.06,5.45,4.78
31/10/2025,6.1,5.47,4.76
03/11/2025,6.18,5.52,4.76
04/11/2025,6.15,5.64,4.75
05/11/2025,6.16,5.54,4.74
06/11/2025,6.17,5.57,4.73
07/11/2025,6.14,5.52,4.72
10/11/2025,6.14,5.51,4.7
11/11/2025,6.16,5.47,4.72
12/11/2025,6.15,5.46,4.69
13/11/2025,6.11,5.45,4.71
14/11/2025,6.12,5.43,4.71
17/11/2025,6.14,5.45,4.72
18/11/2025,6.14,5.44,4.76
19/11/2025,6.14,5.43,4.76
20/11/2025,6.14,5.48,4.77
21/11/2025,6.21,5.63,4.77
24/11/2025,6.23,5.69,5.12
25/11/2025,6.21,5.7,5.12
26/11/2025,6.2,5.69,5.06
27/11/2025,6.26,5.8,5.09
28/11/2025,6.31,5.8,5.1
01/12/2025,6.31,5.8,5.2
02/12/2025,6.29,5.81,5.07
03/12/2025,6.3,5.72,5.2
04/12/2025,6.19,5.72,5.2
05/12/2025,6.19,5.67,5.2
08/12/2025,6.22,5.75,5.2
09/12/2025,6.22,5.75,5.2
10/12/2025,6.19,5.64,5.08
11/12/2025,6.19,5.63,5.08
12/12/2025,6.19,5.63,5.08
15/12/2025,6.16,5.58,5.08
16/12/2025,6.15,5.58,5.04
17/12/2025,6.13,5.6,5.08
18/12/2025,6.13,5.59,5.07
19/12/2025,6.13,5.6,5
22/12/2025,6.14,5.62,5
23/12/2025,6.14,5.62,5
24/12/2025,6.12,5.62,5
29/12/2025,6.12,5.62,5
30/12/2025,6.12,5.61,5
31/12/2025,6.12,5.54,5
